Date,Text,Link(s),Media URL(s),Title,Label(s),Alt text(s),Comment(s),"Pin board, FB album, or Google category",Post subtype,CTA,Reminder
2026-09-03 09:00,"Dawn sleep, quiet purifier glow. It looks like a finished job.

What is actually going on is a process, not an event — what humidity does to what grows indoors.

This is a cleaning agent, not a biocide — certified non-biocidal, which is precisely why it can keep living on a surface instead of burning off. (Avecom/UGent non-biocidal certificate (31/07/06); Chrisal PIP declarations — regulatory classification.)

Worth remembering: a surface is never blank. Something always moves back in.

Link in bio.

#indoorair #homemicrobiome #airquality #healthyhome",,https://raw.githubusercontent.com/kennlend/sanitify-social-assets/main/instagram/ig/snf-2026-08-26-air-purification-01.jpg,,air-purification,"Dawn sleep, quiet purifier glow.",,,,,
2026-09-03 13:00,"Golden Hour Bowl. It looks like a finished job.

What is actually going on is a process, not an event — what biofilm does to water intake.

Bacillus spores applied to a surface are not an inert coating — they germinate into active cells over the following hours and keep working. (Vandini et al. 2014, PLOS ONE 9(9):e108598 — hospital hard surfaces (stone, wood, plastic, glass, metal).)

Worth remembering: a surface is never blank. Something always moves back in.

Link in bio.

#livestockwater #animalhusbandry #biofilm #farmlife",,https://raw.githubusercontent.com/kennlend/sanitify-social-assets/main/instagram/ig/snf-2026-08-27-animal-water-care-01.jpg,,animal-water-care,Golden Hour Bowl.,,,,,
2026-09-03 16:30,"You wipe the counter after breakfast. It looks done.

It isn't — and not because you missed a spot. A wiped surface starts being recolonised within minutes by what is already in the room: skin, air, the cloth. A counter is never blank. Something is always moving back in.

In lab testing on stainless steel, alcohol and bleach lost their virus-reducing effect within one to two hours. A probiotic-treated surface was still working at 24 hours — the longest point tested.

What happens after you walk away matters more than the moment you finish.

Link in bio.

#probioticcleaning #homemicrobiome #cleaningscience #nontoxichome",,https://raw.githubusercontent.com/kennlend/sanitify-social-assets/main/instagram/ig/snf-2026-08-28-cleaning-01.jpg,,cleaning,A woman wipes a kitchen counter in morning light while a toddler plays with wooden blocks on the rug behind her. A white Sanitify probiotic spray bottle stands on the counter.,,,,,
2026-09-03 20:00,"That race is really between two things: the water, and the walls. Chlorine gets dosed into the water — you can test it, measure it, top it up. But algae doesn't float and wait. It grabs the plaster, the tile grout, the ladder, and holds on. Wipe a surface with bleach and the effect fades fast. Alcohol and bleach lost their virus-reducing effect within one to two hours, while probiotic-treated surfaces were still working at 24 hours — the longest point tested (D'Accolti et al. 2021, Viruses 13:2227, stainless steel). Treat the water all you want. The walls run on their own clock. Link in bio.
#poolcare #hottub #biofilm #poolmaintenance",,https://raw.githubusercontent.com/kennlend/sanitify-social-assets/main/instagram/ig/snf-2026-08-29-pool-hot-tub-01.jpg,,pool-hot-tub,Golden-hour family lounge by the pool.,,,,,
2026-09-04 09:00,"A well can test clean at the tap and still be dirty three feet down, on the casing wall where water barely moves. That's the part a dose never reaches. You treat what's flowing past right now, and the film keeps building where nothing flows. This is why the approach matters: it's registered as a cleaning agent, not a biocide, which means it's built to stay present on a surface instead of dissipating after one pass (Avecom/UGent non-biocidal certificate, 31/07/06; Chrisal PIP declarations — regulatory classification). A well doesn't need a stronger dose. It needs something willing to stay. Link in bio.
#watertreatment #biofilm #irrigation #farmwater",,https://raw.githubusercontent.com/kennlend/sanitify-social-assets/main/instagram/ig/snf-2026-08-30-water-purification-01.jpg,,water-purification,Golden hour trough check.,,,,,
2026-09-04 13:00,"Your nightstand can be spotless and dust mites won't notice. They live inside your pillow, feeding on skin flakes, not the dust you wiped away. That's the real gap between indoor and outdoor air: outside, wind and rain reset everything within a day; inside, the same particles and species keep circulating. Some researchers now treat a home with almost no microbial life left in it as its own health question, not just a cleaning win (an emerging area of home-microbiome research, not one single study — an open scientific conversation, not a Sanitify clinical finding.). A shiny nightstand and a healthy bedroom are two different projects.
Link in bio.
#indoorair #homemicrobiome #airquality #healthyhome",,"https://raw.githubusercontent.com/kennlend/sanitify-social-assets/main/instagram/ig_carousel/snf-2026-08-31-air-purification-02-1.jpg,https://raw.githubusercontent.com/kennlend/sanitify-social-assets/main/instagram/ig_carousel/snf-2026-08-31-air-purification-02-2.jpg,https://raw.githubusercontent.com/kennlend/sanitify-social-assets/main/instagram/ig_carousel/snf-2026-08-31-air-purification-02-3.jpg,https://raw.githubusercontent.com/kennlend/sanitify-social-assets/main/instagram/ig_carousel/snf-2026-08-31-air-purification-02-4.jpg",,air-purification,Father settling the baby at dusk.,,,,,
2026-09-04 16:30,"Serratia marcescens isn't rare — it's a common bacteria that loves standing water and returns fast. Scrub the bowl clean today, and the pink film can creep back within days. A wipe only removes what you can see. It doesn't stop what's growing underneath. Spore-based cleaning works on a longer timeline: once applied, the spores don't sit like a coating, they germinate into active cells over the next several hours and keep working (Vandini et al. 2014, PLOS ONE — hospital hard surfaces: stone, wood, plastic, glass, metal). Your cat's fountain isn't a hospital ward, but the rule holds: something that keeps working beats something that quits at the rinse.

Link in bio.
#livestockwater #animalhusbandry #biofilm #farmlife",,https://raw.githubusercontent.com/kennlend/sanitify-social-assets/main/instagram/ig/snf-2026-09-01-animal-water-care-02.jpg,,animal-water-care,Windowsill Fountain Cat.,,,,,
2026-09-04 20:00,"Grout looks spotless right after a Saturday scrub. A week later, that same corner is back — not because you missed a spot, but because floors don't stay blank. The moment you finish mopping, dust and paw prints start settling back in. Regular cleaners fade just as fast. In one lab test on steel, alcohol and bleach stopped cutting virus levels within one to two hours. A probiotic-treated surface was still active at 24 hours, the longest point tested (D'Accolti et al. 2021, Viruses 13:2227 — lab test, stainless steel). A floor doesn't need to stay empty. It needs something good holding the space.

Link in bio.
#probioticcleaning #homemicrobiome #cleaningscience #nontoxichome",,https://raw.githubusercontent.com/kennlend/sanitify-social-assets/main/instagram/ig/snf-2026-09-02-cleaning-02.jpg,,cleaning,Mopping the sunlit hallway.,,,,,
2026-09-05 09:00,"That doubling time explains a lot. Algae can double every 3 to 8 hours, so a pool that looked clear Friday can be a different pool by Sunday. The smell after a swim isn't strong chlorine — it's chlorine reacting with sweat, sunscreen, and body oils. That film settles on ladders and liners, where odor-causing microbes like to live. Treating the water alone misses that layer. Against enveloped viruses, a probiotic cleaning formulation reduced infectivity by 99.99% within one to two hours (D'Accolti et al. 2021, Viruses 13:2227; lab, suspension and stainless steel). The smell isn't the chemical working. It's a sign of what it's reacting with. Link in bio.
#poolcare #hottub #biofilm #poolmaintenance",,"https://raw.githubusercontent.com/kennlend/sanitify-social-assets/main/instagram/ig_carousel/snf-2026-09-03-pool-hot-tub-02-1.jpg,https://raw.githubusercontent.com/kennlend/sanitify-social-assets/main/instagram/ig_carousel/snf-2026-09-03-pool-hot-tub-02-2.jpg,https://raw.githubusercontent.com/kennlend/sanitify-social-assets/main/instagram/ig_carousel/snf-2026-09-03-pool-hot-tub-02-3.jpg,https://raw.githubusercontent.com/kennlend/sanitify-social-assets/main/instagram/ig_carousel/snf-2026-09-03-pool-hot-tub-02-4.jpg",,pool-hot-tub,Kids mid-splash water fight.,,,,,
2026-09-05 13:00,"Every rainwater tank goes green on schedule: sun, runoff, and nowhere for the water to go. You can watch the color change. You can't watch what's competing down there for food and space. That's worth checking before adding anything living to water your household or animals drink. The Bacillus species used here carry EFSA Qualified Presumption of Safety status, and a spray-application study found minimal inhalation risk in normal use (EFSA QPS; La Maestra et al. 2021, Toxicology Letters, PMID 34626814 — regulatory status and inhalation exposure study). Green water tells you something is winning. It doesn't tell you what. Link in bio.
#watertreatment #biofilm #irrigation #farmwater",,https://raw.githubusercontent.com/kennlend/sanitify-social-assets/main/instagram/ig/snf-2026-09-04-water-purification-02.jpg,,water-purification,Well pump inspection at dawn.,,,,,
2026-09-05 16:30,"Turn an air purifier off and its work stops right then. It has no memory — it only catches what's moving through the filter that second. A healthy home was never about clearing every microbe from the air. It's about balance, the way a garden needs a mix of life in the soil, not bare dirt. In a Tallinn school, researchers measured mold before and after probiotic cleaning and found a real drop (Hallitusuuring koolis, Tallinn school mold study — one school building, field conditions). One school, one real result. A filter stops the second the power does. A living approach doesn't.
Link in bio.
#indoorair #homemicrobiome #airquality #healthyhome",,https://raw.githubusercontent.com/kennlend/sanitify-social-assets/main/instagram/ig/snf-2026-09-05-air-purification-03.jpg,,air-purification,Grandfather reading by the window.,,,,,
2026-09-05 20:00,"That 70 to 80% figure isn't about your coop being dirty. It's about how biofilm behaves in any line carrying water. It builds in a layer too thin to see, then keeps thickening, narrowing the path the water squeezes through. Your hens keep drinking. They just get less, and the waterer looks exactly the same as always. Here's the part worth knowing: the product built to stop this is certified non-biocidal, not a biocide — which is exactly why it keeps living on the surface instead of burning off after one use (Avecom/UGent non-biocidal certificate, 31/07/06; Chrisal PIP declarations — regulatory classification). Something alive doesn't clock out.

Link in bio.
#livestockwater #animalhusbandry #biofilm #farmlife",,"https://raw.githubusercontent.com/kennlend/sanitify-social-assets/main/instagram/ig_carousel/snf-2026-09-06-animal-water-care-03-1.jpg,https://raw.githubusercontent.com/kennlend/sanitify-social-assets/main/instagram/ig_carousel/snf-2026-09-06-animal-water-care-03-2.jpg,https://raw.githubusercontent.com/kennlend/sanitify-social-assets/main/instagram/ig_carousel/snf-2026-09-06-animal-water-care-03-3.jpg,https://raw.githubusercontent.com/kennlend/sanitify-social-assets/main/instagram/ig_carousel/snf-2026-09-06-animal-water-care-03-4.jpg",,animal-water-care,Backyard Coop Gathering.,,,,,
2026-09-06 09:00,"Wet paws by the door leave more than mud. Entryways trap moisture just like bathrooms do: past 70% humidity, mold can find its way back within two to three weeks, even after a full clean. Nothing you wipe stays wiped for long, because something always resettles into the damp. Lab tests show the same pattern on steel: alcohol and bleach lost their virus-reducing effect within one to two hours, while a probiotic-treated surface was still working at 24 hours, the longest point tested (D'Accolti et al. 2021, Viruses 13:2227 — lab test, stainless steel). A one-hour head start doesn't last the week.

Link in bio.
#probioticcleaning #homemicrobiome #cleaningscience #nontoxichome",,https://raw.githubusercontent.com/kennlend/sanitify-social-assets/main/instagram/ig/snf-2026-09-07-cleaning-03.jpg,,cleaning,Wiping paw prints by the door.,,,,,
2026-09-06 13:00,"A sprinter crosses the line and the job's done. A standing crew doesn't leave — they're there for the next shift too. That's the difference between dosing the water and treating the walls. Chlorine reacts once, in the water, and it's spent. A probiotic layer on tile, plaster, or a hot tub shell doesn't sit idle between cleans. Bacillus spores applied to a surface aren't an inert coating — they germinate into active cells over the following hours and keep working (Vandini et al. 2014, PLOS ONE 9(9):e108598; hospital hard surfaces, stone to metal). The water gets attention once a day. The walls work the whole shift. Link in bio.
#poolcare #hottub #biofilm #poolmaintenance",,https://raw.githubusercontent.com/kennlend/sanitify-social-assets/main/instagram/ig/snf-2026-09-08-pool-hot-tub-03.jpg,,pool-hot-tub,Mother testing pool water with a dip strip.,,,,,
2026-09-06 16:30,"Chlorine can only act on what's moving past the sensor right now. The lining is a different problem: a layer that builds up whether the water is treated or not, because the dose never touches it. This is where a living, spore-based approach works differently. Applied to a surface, Bacillus spores aren't a coating that sits there. They germinate into active cells over the next few hours and keep working after that (Vandini et al. 2014, PLOS ONE 9(9):e108598 — tested on hospital hard surfaces: stone, wood, plastic, glass, metal). A chemical dose ends when the water moves on. A living one doesn't. Link in bio.
#watertreatment #biofilm #irrigation #farmwater",,"https://raw.githubusercontent.com/kennlend/sanitify-social-assets/main/instagram/ig_carousel/snf-2026-09-09-water-purification-03-1.jpg,https://raw.githubusercontent.com/kennlend/sanitify-social-assets/main/instagram/ig_carousel/snf-2026-09-09-water-purification-03-2.jpg,https://raw.githubusercontent.com/kennlend/sanitify-social-assets/main/instagram/ig_carousel/snf-2026-09-09-water-purification-03-3.jpg,https://raw.githubusercontent.com/kennlend/sanitify-social-assets/main/instagram/ig_carousel/snf-2026-09-09-water-purification-03-4.jpg",,water-purification,Irrigation lines at first light.,,,,,
2026-09-06 20:00,"That '100 times worse' figure isn't about how tidy your home looks. It's about air that never fully resets. Outdoors, wind and rain refresh everything within a day. Indoors, the same recycled air holds onto the same narrow set of organisms for days, because nothing moves it along. That's also why some researchers now treat an almost microbe-free home as a health question of its own, not just a cleaning win (an emerging area of home-microbiome research, not one single study — an open scientific conversation, not a Sanitify clinical finding.). Open windows do a job your mop can't.
Link in bio.
#indoorair #homemicrobiome #airquality #healthyhome",,https://raw.githubusercontent.com/kennlend/sanitify-social-assets/main/instagram/ig/snf-2026-09-10-air-purification-04.jpg,,air-purification,Home-office morning focus.,,,,,
2026-09-07 09:00,"Pour a strong chemical flush down a biofilm-coated line, and you're knocking the mess loose, pushing it downstream toward the trough these cows drink from. The film doesn't disappear — it just moves. Most cleaning routines miss this: a hard rinse treats the moment, not the layer underneath. Spore-based cleaning treats the layer itself. Once applied, the spores aren't an inert coating sitting on top — they germinate into active cells over the following hours and keep working long after this trough's refilled (Vandini et al. 2014, PLOS ONE — hospital hard surfaces: stone, wood, plastic, glass, metal). At dusk, the herd can't tell. The water just needs to be clean by morning.

Link in bio.
#livestockwater #animalhusbandry #biofilm #farmlife",,https://raw.githubusercontent.com/kennlend/sanitify-social-assets/main/instagram/ig/snf-2026-09-11-animal-water-care-04.jpg,,animal-water-care,Dairy Herd at Dusk.,,,,,
2026-09-07 13:00,"Ninety percent humidity, easy to hit after one hot shower in a closed bathroom — nearly double what mold needs to move in. So the real question is what you leave behind afterward. Most sprays are built to knock soil down and then disappear. This one is registered differently: certified as a cleaning agent, not a biocide, which sounds technical but means something simple. It isn't designed to burn off. It's designed to keep living on the surface after you walk away (Avecom/UGent non-biocidal certificate; Chrisal PIP declarations — regulatory classification). Steam clears in minutes. What you refill that bottle with can stay a lot longer.

Link in bio.
#probioticcleaning #homemicrobiome #cleaningscience #nontoxichome",,"https://raw.githubusercontent.com/kennlend/sanitify-social-assets/main/instagram/ig_carousel/snf-2026-09-12-cleaning-04-1.jpg,https://raw.githubusercontent.com/kennlend/sanitify-social-assets/main/instagram/ig_carousel/snf-2026-09-12-cleaning-04-2.jpg,https://raw.githubusercontent.com/kennlend/sanitify-social-assets/main/instagram/ig_carousel/snf-2026-09-12-cleaning-04-3.jpg,https://raw.githubusercontent.com/kennlend/sanitify-social-assets/main/instagram/ig_carousel/snf-2026-09-12-cleaning-04-4.jpg",,cleaning,Refilling the spray bottle at the sink.,,,,,
2026-09-07 16:30,"Every product claim hides in that gap between the two words. Chlorine can reduce what's on a pool wall the moment you add it. It doesn't eliminate the biofilm underneath — the slippery layer on grout lines and ladders. That layer is why chlorine demand creeps up: the same film regrows between doses, faster than most people notice. Wipe-downs work the same way. Alcohol and bleach lost their virus-reducing effect within one to two hours, while probiotic-treated surfaces were still working at 24 hours — the longest point tested (D'Accolti et al. 2021, Viruses 13:2227, stainless steel). Reduce buys a moment. Eliminate was never on the table. Link in bio.
#poolcare #hottub #biofilm #poolmaintenance",,https://raw.githubusercontent.com/kennlend/sanitify-social-assets/main/instagram/ig/snf-2026-09-13-pool-hot-tub-04.jpg,,pool-hot-tub,Couple relaxing in the hot tub at dusk.,,,,,
2026-09-07 20:00,"Three to seven days. That's how fast biofilm came back on a pipe that had just been cleaned, in water with nothing dirty going into it. A clean surface isn't an empty surface for long; something always claims it. That's the piece a one-time clean can't solve: it doesn't leave anything behind to hold the space. A spore-based approach does. Once applied, Bacillus spores germinate into active cells over the next few hours and keep working from there (Vandini et al. 2014, PLOS ONE 9(9):e108598 — hospital hard surfaces: stone, wood, plastic, glass, metal). Clean is a moment. Occupied is a state. Link in bio.
#watertreatment #biofilm #irrigation #farmwater",,https://raw.githubusercontent.com/kennlend/sanitify-social-assets/main/instagram/ig/snf-2026-09-14-water-purification-04.jpg,,water-purification,Agronomist testing the channel.,,,,,
2026-09-08 09:00,"Mites aren't the real story. They're the messenger for a moisture problem underneath. Once relative humidity climbs past about 50%, dust mites, mold, and mildew all move in, chasing the same thing: water. A chemical spray hits that dampness and evaporates in minutes, gone before the moisture is. Sanitify works differently. It's a cleaning agent, not a biocide — certified non-biocidal, which is exactly why it can keep living on a surface instead of burning off (Avecom/UGent non-biocidal certificate, 31/07/06; Chrisal PIP declarations — regulatory classification). Treat the itch all you want. The moisture calls the shots.
Link in bio.
#indoorair #homemicrobiome #airquality #healthyhome",,"https://raw.githubusercontent.com/kennlend/sanitify-social-assets/main/instagram/ig_carousel/snf-2026-09-15-air-purification-05-1.jpg,https://raw.githubusercontent.com/kennlend/sanitify-social-assets/main/instagram/ig_carousel/snf-2026-09-15-air-purification-05-2.jpg,https://raw.githubusercontent.com/kennlend/sanitify-social-assets/main/instagram/ig_carousel/snf-2026-09-15-air-purification-05-3.jpg,https://raw.githubusercontent.com/kennlend/sanitify-social-assets/main/instagram/ig_carousel/snf-2026-09-15-air-purification-05-4.jpg",,air-purification,Breathing easy in morning light.,,,,,
2026-09-08 13:00,"A month ago, that line tested fine. That doesn't mean it still is. Biofilm builds quietly, a little more each week, until a line loses a third of its flow before anyone notices the bucket filling slower. The usual fix is to hit it hard once and call it done. But a one-time treatment burns off, and biofilm doesn't wait around for round two. This works differently: it's a cleaning agent, not a biocide, certified non-biocidal so it can keep living on the surface instead of burning off after one use (Avecom/UGent non-biocidal certificate, 31/07/06; Chrisal PIP declarations — regulatory classification). A test from last month tells you about last month.

Link in bio.
#livestockwater #animalhusbandry #biofilm #farmlife",,https://raw.githubusercontent.com/kennlend/sanitify-social-assets/main/instagram/ig/snf-2026-09-16-animal-water-care-05.jpg,,animal-water-care,Stable Bucket.,,,,,
2026-09-08 16:30,"Three weeks ago, that spot on the tile got bleached. It's back now — same corner, a little bigger than before. That's not bad luck. Bleach removes what's visible on contact, but it doesn't change what recolonizes the tile once the fumes clear. There's a bigger conversation shaping up too: researchers are increasingly asking whether an over-sterilised home deserves attention on its own, not just a cleaning win to chase (an emerging area of home-microbiome research, not one single study — an open scientific conversation, not a Sanitify clinical finding.). Nobody's saying dirt is good. The question is what an empty tile actually invites back in.

Link in bio.
#probioticcleaning #homemicrobiome #cleaningscience #nontoxichome",,https://raw.githubusercontent.com/kennlend/sanitify-social-assets/main/instagram/ig/snf-2026-09-17-cleaning-05.jpg,,cleaning,Bathroom tiles by the window.,,,,,
2026-09-08 20:00,"The itch isn't a water problem. Test strips measure what's dissolved — pH, chlorine, alkalinity — and none of that tells you what's on the steps or the wall you leaned against. Surfaces build a layer, and that layer doesn't show up on a strip. It's not a symptom of bad chemistry — it's a separate thing to manage. Chemical wipe-downs fade fast: alcohol and bleach lost their virus-reducing effect within one to two hours, while probiotic-treated surfaces were still working at 24 hours — the longest point tested (D'Accolti et al. 2021, Viruses 13:2227, stainless steel). Your test strip was never built to check the bench. Link in bio.
#poolcare #hottub #biofilm #poolmaintenance",,"https://raw.githubusercontent.com/kennlend/sanitify-social-assets/main/instagram/ig_carousel/snf-2026-09-18-pool-hot-tub-05-1.jpg,https://raw.githubusercontent.com/kennlend/sanitify-social-assets/main/instagram/ig_carousel/snf-2026-09-18-pool-hot-tub-05-2.jpg,https://raw.githubusercontent.com/kennlend/sanitify-social-assets/main/instagram/ig_carousel/snf-2026-09-18-pool-hot-tub-05-3.jpg,https://raw.githubusercontent.com/kennlend/sanitify-social-assets/main/instagram/ig_carousel/snf-2026-09-18-pool-hot-tub-05-4.jpg",,pool-hot-tub,Skimming leaves at dawn.,,,,,
2026-09-09 09:00,"Free-floating bacteria sit exposed in open water. The same bacteria packed into a biofilm wrap themselves in a matrix that can make them 10 to 1,000 times harder to affect than floating alone. That gap is why treating the water underperforms: it reaches exposed cells, not sheltered ones. A surface-based approach bypasses that matrix entirely. Bacillus spores applied to the surface germinate into active cells over the next few hours and keep working right there (Vandini et al. 2014, PLOS ONE 9(9):e108598 — hospital hard surfaces: stone, wood, plastic, glass, metal). Protection from the water isn't protection from a neighbor. Link in bio.
#watertreatment #biofilm #irrigation #farmwater",,https://raw.githubusercontent.com/kennlend/sanitify-social-assets/main/instagram/ig/snf-2026-09-19-water-purification-05.jpg,,water-purification,Greenhouse watering line.,,,,,
2026-09-09 13:00,"A HEPA filter catches particles. A gas sails through — that's the whole problem with VOCs. Dust is different: not grit, but a habitat. A gram of household dust holds skin cells, mite droppings, and thousands of microbes — a small ecosystem. So what goes into that space matters. The Bacillus species in Sanitify hold EFSA's Qualified Presumption of Safety status, and a trigger-spray study found minimal inhalation risk in normal use (EFSA QPS; La Maestra et al. 2021, Toxicology Letters, PMID 34626814 — regulatory status, inhalation exposure study). Dust was never empty. It never had a name tag.
Link in bio.
#indoorair #homemicrobiome #airquality #healthyhome",,https://raw.githubusercontent.com/kennlend/sanitify-social-assets/main/instagram/ig/snf-2026-09-20-air-purification-06.jpg,,air-purification,Cat napping in the sunbeam.,,,,,
2026-09-09 16:30,"Nothing tips you off when biofilm moves in. The water looks clear. The bowl looks clean. It's just quietly narrowing the inside of the pipe, one thin layer at a time, until refills start taking longer. A kid doing the refill won't catch it either. That's exactly why what's in the cleaner matters. The Bacillus species behind spore-based cleaning carry EFSA Qualified Presumption of Safety status, and a study on trigger-spray use found minimal inhalation risk in normal use (La Maestra et al. 2021, Toxicology Letters; EFSA QPS — regulatory status and inhalation exposure study). Handing a kid the spray bottle shouldn't be the part you think twice about.

Link in bio.
#livestockwater #animalhusbandry #biofilm #farmlife",,"https://raw.githubusercontent.com/kennlend/sanitify-social-assets/main/instagram/ig_carousel/snf-2026-09-21-animal-water-care-06-1.jpg,https://raw.githubusercontent.com/kennlend/sanitify-social-assets/main/instagram/ig_carousel/snf-2026-09-21-animal-water-care-06-2.jpg,https://raw.githubusercontent.com/kennlend/sanitify-social-assets/main/instagram/ig_carousel/snf-2026-09-21-animal-water-care-06-3.jpg,https://raw.githubusercontent.com/kennlend/sanitify-social-assets/main/instagram/ig_carousel/snf-2026-09-21-animal-water-care-06-4.jpg",,animal-water-care,Child's Refill.,,,,,
2026-09-09 20:00,"Wiping mold off a damp wall is a lot like mopping around a leak instead of shutting off the valve. You're tidying the room, not the cause. The water keeps coming, so the mold keeps coming back, no matter how nice the room looks. Research on daily routines backs this up. In a hospital study, cleaning surfaces daily with a probiotic formula for weeks lowered the germ load, or bioburden, by about 89% compared with regular cleaning (Vandini et al. 2014, PLOS ONE 9(9):e108598 — hospital surfaces, continuous daily use over weeks). That's a hospital number, not a home one. Routine moved it, not a single wipe.

Link in bio.
#probioticcleaning #homemicrobiome #cleaningscience #nontoxichome",,https://raw.githubusercontent.com/kennlend/sanitify-social-assets/main/instagram/ig/snf-2026-09-22-cleaning-06.jpg,,cleaning,Tidying the Nordic living room together.,,,,,
2026-09-10 09:00,"A test strip only reads the water in front of it. Biofilm lives somewhere else — grout lines, fittings, pipework, anywhere flow slows down. Chlorine reaches some of it and burns off, which is why demand creeps up all season: you're not clearing the film, you're replacing chlorine faster than the film grows back. A probiotic approach runs on a different principle. This is a cleaning agent, not a biocide — certified non-biocidal, which is exactly why it can keep living on a surface instead of burning off (Avecom/UGent non-biocidal certificate, 31/07/06; Chrisal PIP declarations). One burns out. The other stays on shift. Link in bio.
#poolcare #hottub #biofilm #poolmaintenance",,https://raw.githubusercontent.com/kennlend/sanitify-social-assets/main/instagram/ig/snf-2026-09-23-pool-hot-tub-06.jpg,,pool-hot-tub,Family dog watching from the poolside.,,,,,
2026-09-10 13:00,"Researchers tracked one irrigation system over a 20-day dosing cycle and measured something growers actually deal with: clogging deposits building up inside the lines. By the end, deposits were down almost 57% in that trial. The reason this kind of cycle can work at all comes down to classification — this is registered as a cleaning agent, not a biocide, which is exactly why it's allowed to stay active on a surface across a dosing cycle instead of dissipating after one pass (Avecom/UGent non-biocidal certificate, 31/07/06; Chrisal PIP declarations — regulatory classification). A single dose fades. A cycle has time to work. Link in bio.
#watertreatment #biofilm #irrigation #farmwater",,"https://raw.githubusercontent.com/kennlend/sanitify-social-assets/main/instagram/ig_carousel/snf-2026-09-24-water-purification-06-1.jpg,https://raw.githubusercontent.com/kennlend/sanitify-social-assets/main/instagram/ig_carousel/snf-2026-09-24-water-purification-06-2.jpg,https://raw.githubusercontent.com/kennlend/sanitify-social-assets/main/instagram/ig_carousel/snf-2026-09-24-water-purification-06-3.jpg,https://raw.githubusercontent.com/kennlend/sanitify-social-assets/main/instagram/ig_carousel/snf-2026-09-24-water-purification-06-4.jpg",,water-purification,Aquaculture worker among the tanks.,,,,,
2026-09-10 16:30,"Catching a mold spore isn't dealing with it. A HEPA filter relocates it — same spore, still alive, moved to the filter, not your shelf. Outside, a landed spore competes with sun, rain, wind, and thousands of organisms for the same surface. Indoors, there's no competition — whatever lands first sits undisturbed for weeks. Some researchers now discuss a nearly microbe-free home as its own health question, not just a cleanliness win (an emerging area of home-microbiome research, not one single study — an open scientific conversation, not a Sanitify clinical finding.). A spore trapped in a filter is still a spore, with a new address.
Link in bio.
#indoorair #homemicrobiome #airquality #healthyhome",,https://raw.githubusercontent.com/kennlend/sanitify-social-assets/main/instagram/ig/snf-2026-09-25-air-purification-07.jpg,,air-purification,Couple unwinding in the evening.,,,,,
2026-09-10 20:00,"The calves crowd that trough assuming the water's fine. It might not be. A header tank rated for 20 liters a minute can quietly drop to 4 to 6 — not a leak, not a bad valve — just biofilm, building layer by layer until the flow can't get through. They just drink slower, and nobody notices until refills double. This is decided between cleanings. Spores applied to that surface aren't an inert coating — they germinate into active cells over the following hours and keep working while no one's watching (Vandini et al. 2014, PLOS ONE — hospital hard surfaces: stone, wood, plastic, glass, metal). Watch the fill time, not the tank.

Link in bio.
#livestockwater #animalhusbandry #biofilm #farmlife",,https://raw.githubusercontent.com/kennlend/sanitify-social-assets/main/instagram/ig/snf-2026-09-26-animal-water-care-07.jpg,,animal-water-care,Calves at the Trough.,,,,,
2026-09-11 09:00,"The paint fades a shade every time you bleach it. The mold doesn't care — the bleach never reached where it actually lives. Same story in a fridge: shelves get scrubbed, but seals and drawer corners don't. A wipe that only removes what it touches skips those roots. Here's the surprising part: these spores aren't a coating sitting on top. They germinate into active cells over the next few hours and keep working (Vandini et al. 2014, PLOS ONE 9(9):e108598 — hospital hard surfaces: stone, wood, plastic, glass, metal). It's not a promise of how long. It's a seed, not a shield.

Link in bio.
#probioticcleaning #homemicrobiome #cleaningscience #nontoxichome",,"https://raw.githubusercontent.com/kennlend/sanitify-social-assets/main/instagram/ig_carousel/snf-2026-09-27-cleaning-07-1.jpg,https://raw.githubusercontent.com/kennlend/sanitify-social-assets/main/instagram/ig_carousel/snf-2026-09-27-cleaning-07-2.jpg,https://raw.githubusercontent.com/kennlend/sanitify-social-assets/main/instagram/ig_carousel/snf-2026-09-27-cleaning-07-3.jpg,https://raw.githubusercontent.com/kennlend/sanitify-social-assets/main/instagram/ig_carousel/snf-2026-09-27-cleaning-07-4.jpg",,cleaning,Cleaning out the fridge.,,,,,
2026-09-11 13:00,"That number isn't about your hot tub being dirty by accident. Pseudomonas aeruginosa lives naturally in warm water. Jets and pipework give it the low-flow, hard-to-reach spots it needs to settle in. That same biofilm community is a big part of what makes a tub smell ""off"" right after a shock treatment. It's organic buildup, not extra-strength chlorine smell. A probiotic approach is built differently. This is a cleaning agent, not a biocide — certified non-biocidal, which is why it can keep living on a surface instead of burning off (Avecom/UGent non-biocidal certificate, 31/07/06; Chrisal PIP declarations). The jets hide what the water can't. Link in bio.
#poolcare #hottub #biofilm #poolmaintenance",,https://raw.githubusercontent.com/kennlend/sanitify-social-assets/main/instagram/ig/snf-2026-09-28-pool-hot-tub-07.jpg,,pool-hot-tub,Friends lounging on deck chairs.,,,,,
2026-09-11 16:30,"In one published trial, researchers dosed test ponds and tracked two numbers: ammonia dropped sharply, and dissolved oxygen went up afterward. Both point to the same place: not the open water, but the pond bed and walls, where a resident population changes the chemistry day by day. That's the mechanism behind numbers like these: Bacillus spores applied to a surface don't just sit there. They germinate into active cells over the next few hours and keep working (Vandini et al. 2014, PLOS ONE 9(9):e108598 — tested on hospital hard surfaces: stone, wood, plastic, glass, metal). The water column reacts. The surface is where it starts. Link in bio.
#watertreatment #biofilm #irrigation #farmwater",,https://raw.githubusercontent.com/kennlend/sanitify-social-assets/main/instagram/ig/snf-2026-09-29-water-purification-07.jpg,,water-purification,Filling water at the family tap.,,,,,
2026-09-11 20:00,"Once mold is on your wall, an air purifier can't help — it manages what's floating. Ventilation matters more than people think: a cracked window or an extractor fan moves damp air out before it settles and feeds new growth. It's boring, but it hits the actual cause: moisture. That mold needs something that stays on the surface. Sanitify is a cleaning agent, not a biocide — certified non-biocidal, which is exactly why it can keep living on a surface instead of burning off (Avecom/UGent non-biocidal certificate, 31/07/06; Chrisal PIP declarations — regulatory classification). A cracked window still beats a countertop gadget.
Link in bio.
#indoorair #homemicrobiome #airquality #healthyhome",,"https://raw.githubusercontent.com/kennlend/sanitify-social-assets/main/instagram/ig_carousel/snf-2026-09-30-air-purification-08-1.jpg,https://raw.githubusercontent.com/kennlend/sanitify-social-assets/main/instagram/ig_carousel/snf-2026-09-30-air-purification-08-2.jpg,https://raw.githubusercontent.com/kennlend/sanitify-social-assets/main/instagram/ig_carousel/snf-2026-09-30-air-purification-08-3.jpg,https://raw.githubusercontent.com/kennlend/sanitify-social-assets/main/instagram/ig_carousel/snf-2026-09-30-air-purification-08-4.jpg",,air-purification,Opening the window on an overcast morning.,,,,,
2026-09-12 09:00,"You're at the sink again, fountain in pieces, scrubbing the same ring of slime you scrubbed last week. That's reactive cleaning: it clears what's there, then waits for it to come back. Prevention works differently: instead of removing slime after it forms, it keeps the surface occupied so slime has less room to start. That only works if what's applied stays active. This is a cleaning agent, not a biocide — it's certified non-biocidal, which is why it keeps living on the surface instead of burning off after one pass (Avecom/UGent non-biocidal certificate, 31/07/06; Chrisal PIP declarations — regulatory classification). Less scrubbing isn't the goal. Fewer trips back to the sink is.

Link in bio.
#livestockwater #animalhusbandry #biofilm #farmlife",,https://raw.githubusercontent.com/kennlend/sanitify-social-assets/main/instagram/ig/snf-2026-10-01-animal-water-care-08.jpg,,animal-water-care,Fountain Cleaning.,,,,,
2026-09-12 13:00,"Air out the room and the smell fades in minutes. What was growing on the wall doesn't fade that fast. In one school hallway, researchers counted 4,700 mould colonies at the start. Twenty-six days later, just one. Stricter lab work backs up that pattern. In a hospital study, daily probiotic cleaning for several weeks lowered surface bioburden — the microbe buildup on a surface — by about 89% versus conventional cleaning (Vandini et al. 2014, PLOS ONE 9(9):e108598 — hospital surfaces, continuous daily use over weeks). A hospital number, not a home one. Airing out a room clears the smell. It doesn't clear the wall.

Link in bio.
#probioticcleaning #homemicrobiome #cleaningscience #nontoxichome",,https://raw.githubusercontent.com/kennlend/sanitify-social-assets/main/instagram/ig/snf-2026-10-02-cleaning-08.jpg,,cleaning,Airing out the living room.,,,,,
2026-09-12 16:30,"That's the part most people never check. A chlorine reading can say 3 ppm and still be doing nothing, because effectiveness swings hard with pH — at 8.0, you're down to roughly a fifth of what chlorine does at its best. That's true for the water. It says nothing about the film on the steps, the liner, or the jets. Wipe-based treatments fade fast: alcohol and bleach lost their virus-reducing effect within one to two hours, while probiotic-treated surfaces were still working at 24 hours — the longest point tested (D'Accolti et al. 2021, Viruses 13:2227, stainless steel). Your pH meter has never looked at a wall. Link in bio.
#poolcare #hottub #biofilm #poolmaintenance",,"https://raw.githubusercontent.com/kennlend/sanitify-social-assets/main/instagram/ig_carousel/snf-2026-10-03-pool-hot-tub-08-1.jpg,https://raw.githubusercontent.com/kennlend/sanitify-social-assets/main/instagram/ig_carousel/snf-2026-10-03-pool-hot-tub-08-2.jpg,https://raw.githubusercontent.com/kennlend/sanitify-social-assets/main/instagram/ig_carousel/snf-2026-10-03-pool-hot-tub-08-3.jpg,https://raw.githubusercontent.com/kennlend/sanitify-social-assets/main/instagram/ig_carousel/snf-2026-10-03-pool-hot-tub-08-4.jpg",,pool-hot-tub,Floating calmly on clear water.,,,,,
2026-09-12 20:00,"Investigators who traced that outbreak back found clean-looking water samples. The real source was biofilm growing inside the cooling tower itself, a surface nobody was checking. That gap between 'the water tests fine' and 'the surface is fine' still exists in tanks, pipes, and lines today. It's part of why persistence matters more than a single pass: this is registered as a cleaning agent, not a biocide, precisely so it can keep living on a surface instead of dissipating (Avecom/UGent non-biocidal certificate, 31/07/06; Chrisal PIP declarations — regulatory classification). Test the water. Then check the wall. Link in bio.
#watertreatment #biofilm #irrigation #farmwater",,https://raw.githubusercontent.com/kennlend/sanitify-social-assets/main/instagram/ig/snf-2026-10-04-water-purification-08.jpg,,water-purification,Sprinklers over the crop rows.,,,,,
2026-09-13 09:00,"Wipe the counter and it needs wiping tomorrow. Change the filter and it's collecting dust by dinner. That's the treadmill — always running, never finished. Outdoor air resets itself all day — wind, rain, sun, no help needed. Indoor air has no reset button, so upkeep falls on you. Bacillus spores come closer: applied to a surface, they aren't a coating that sits there — they germinate into active cells over several hours and keep working (Vandini et al. 2014, PLOS ONE 9(9):e108598 — hospital hard surfaces: stone, wood, plastic, glass, metal). You can't unplug from cleaning. Some of it runs without you.
Link in bio.
#indoorair #homemicrobiome #airquality #healthyhome",,https://raw.githubusercontent.com/kennlend/sanitify-social-assets/main/instagram/ig/snf-2026-10-05-air-purification-09.jpg,,air-purification,Watering the indoor plants.,,,,,
2026-09-13 13:00,"A vaccine dosed through the water line only works if it reaches the animal drinking it. Biofilm sits in the way. It can bind up part of the dose before a hen takes a sip. Scrubbing the line clears the film for a day, but it just resets the clock — the film still keeps forming. What holds up instead is a surface that keeps working on its own: applied Bacillus spores aren't an inert coating, they germinate into active cells over the following hours and keep going (Vandini et al. 2014, PLOS ONE — hospital hard surfaces: stone, wood, plastic, glass, metal). A clean line isn't always a working line.

Link in bio.
#livestockwater #animalhusbandry #biofilm #farmlife",,"https://raw.githubusercontent.com/kennlend/sanitify-social-assets/main/instagram/ig_carousel/snf-2026-10-06-animal-water-care-09-1.jpg,https://raw.githubusercontent.com/kennlend/sanitify-social-assets/main/instagram/ig_carousel/snf-2026-10-06-animal-water-care-09-2.jpg,https://raw.githubusercontent.com/kennlend/sanitify-social-assets/main/instagram/ig_carousel/snf-2026-10-06-animal-water-care-09-3.jpg,https://raw.githubusercontent.com/kennlend/sanitify-social-assets/main/instagram/ig_carousel/snf-2026-10-06-animal-water-care-09-4.jpg",,animal-water-care,Bright Coop Hens.,,,,,
2026-09-13 16:30,"Fresh laundry smells like nothing happened, but heat and drying only move microbes around. They don't decide which ones grow back. In one 26-day school trial, twice-weekly cleaning took mould colonies from 3,500 down to 10. That's not from removing more dirt. It's from changing what's left to grow. Fair question: is a live culture safe to breathe near a bed? The bacteria carry Europe's Qualified Presumption of Safety status, and a spray-specific study found minimal inhalation risk in normal use (EFSA QPS; La Maestra et al. 2021, Toxicology Letters, PMID 34626814 — regulatory status and inhalation exposure study). Clean sheets, one less thing to worry about.

Link in bio.
#probioticcleaning #homemicrobiome #cleaningscience #nontoxichome",,https://raw.githubusercontent.com/kennlend/sanitify-social-assets/main/instagram/ig/snf-2026-10-07-cleaning-09.jpg,,cleaning,Folding fresh laundry on the bed.,,,,,
2026-09-13 20:00,"'Chemical-free' usually means someone stopped measuring. The buildup doesn't stop with them — sweat, oils, and skin cells keep landing in the water and on every surface it touches. That organic layer is what turns musty after a day or two. People blame that smell on ""chemicals,"" when it's really the opposite: not enough attention to what's growing. Being biofilm-aware means treating that layer on purpose. In lab testing, a Bacillus ferment reduced infectious H1N1 influenza particles by 99.99% on contact, with no toxicity to host cells (University of Tartu, testing certificate 008, 22.06.2021; laboratory, one virus). Skipping chemicals was never the same as understanding what grows. Link in bio.
#poolcare #hottub #biofilm #poolmaintenance",,https://raw.githubusercontent.com/kennlend/sanitify-social-assets/main/instagram/ig/snf-2026-10-08-pool-hot-tub-09.jpg,,pool-hot-tub,Opening the pool cover in spring.,,,,,
2026-09-14 09:00,"A pipe or tank doesn't stay empty after a clean. Some population moves back in within days, and it spreads downstream to every trough, tap, and line. A clean-looking tank isn't a closed system — it's the seed point for everything after it. That's the real argument for choosing what moves in on purpose: the Bacillus species used here carry EFSA Qualified Presumption of Safety status, and a spray-application study found minimal inhalation risk in normal use (EFSA QPS; La Maestra et al. 2021, Toxicology Letters, PMID 34626814 — regulatory status and inhalation exposure study). Whatever moves in first, moves in everywhere. Link in bio.
#watertreatment #biofilm #irrigation #farmwater",,"https://raw.githubusercontent.com/kennlend/sanitify-social-assets/main/instagram/ig_carousel/snf-2026-10-09-water-purification-09-1.jpg,https://raw.githubusercontent.com/kennlend/sanitify-social-assets/main/instagram/ig_carousel/snf-2026-10-09-water-purification-09-2.jpg,https://raw.githubusercontent.com/kennlend/sanitify-social-assets/main/instagram/ig_carousel/snf-2026-10-09-water-purification-09-3.jpg,https://raw.githubusercontent.com/kennlend/sanitify-social-assets/main/instagram/ig_carousel/snf-2026-10-09-water-purification-09-4.jpg",,water-purification,Dairy barn water line.,,,,,
2026-09-14 13:00,"Trapping mold spores is the easy 99.97% for a true HEPA filter — they're big, heavy particles, easy to catch. The hard part is what's happening on your bathroom grout, behind the wallpaper, under the sink. Humidity feeds mold and mildew in those materials, and no air filtration reaches a surface. That needs a different tool. Sanitify is a cleaning agent, not a biocide — certified non-biocidal, which is exactly why it can keep living on a surface instead of burning off (Avecom/UGent non-biocidal certificate, 31/07/06; Chrisal PIP declarations — regulatory classification). Filter the air all you want. The grout doesn't care.
Link in bio.
#indoorair #homemicrobiome #airquality #healthyhome",,https://raw.githubusercontent.com/kennlend/sanitify-social-assets/main/instagram/ig/snf-2026-10-10-air-purification-10.jpg,,air-purification,Toddler playing calmly on the rug.,,,,,
2026-09-14 16:30,"Most people's instinct is to reach for whatever's strongest once they spot a problem in the water bowl. Stronger isn't the useful question here. Getting there first is. Between cleanings is when it's decided — whatever's already occupying that surface either keeps new buildup from taking hold, or it doesn't, and no amount of scrubbing after the fact changes that math. That's the whole idea here: it's certified non-biocidal, so it can keep living on the surface instead of burning off after one use (Avecom/UGent non-biocidal certificate, 31/07/06; Chrisal PIP declarations — regulatory classification). Some mornings the bowl just needs a rinse. That's the goal.

Link in bio.
#livestockwater #animalhusbandry #biofilm #farmlife",,https://raw.githubusercontent.com/kennlend/sanitify-social-assets/main/instagram/ig/snf-2026-10-11-animal-water-care-10.jpg,,animal-water-care,Porch Morning.,,,,,
2026-09-14 20:00,"Two generations wiping the same counter together aren't trying to erase everything on it. They're deciding what gets to stay. Emptiness was never really the win — a surface that's occupied by something better is. That question is showing up in research too. There's a growing, still-open conversation about whether an over-sterilised home deserves attention on its own, not just credit for looking clean (an emerging area of home-microbiome research, not one single study — an open scientific conversation, not a Sanitify clinical finding.). Nobody's claiming this fixes your health. It's asking what a home is actually for.

Link in bio.
#probioticcleaning #homemicrobiome #cleaningscience #nontoxichome",,"https://raw.githubusercontent.com/kennlend/sanitify-social-assets/main/instagram/ig_carousel/snf-2026-10-12-cleaning-10-1.jpg,https://raw.githubusercontent.com/kennlend/sanitify-social-assets/main/instagram/ig_carousel/snf-2026-10-12-cleaning-10-2.jpg,https://raw.githubusercontent.com/kennlend/sanitify-social-assets/main/instagram/ig_carousel/snf-2026-10-12-cleaning-10-3.jpg,https://raw.githubusercontent.com/kennlend/sanitify-social-assets/main/instagram/ig_carousel/snf-2026-10-12-cleaning-10-4.jpg",,cleaning,Grandmother and grandchild cleaning together.,,,,,
2026-09-15 09:00,"That's not one problem, it's an ecosystem. A patch of biofilm on a pool wall can carry up to 500 microbial species, thin enough to miss and tough enough to survive a shock. That's why walls matter more than water: the water is a passing visitor, and the wall is where the community rebuilds. A probiotic layer works with that logic. Bacillus spores applied to a surface aren't an inert coating — they germinate into active cells over the following hours and keep working (Vandini et al. 2014, PLOS ONE 9(9):e108598; hospital hard surfaces, stone to metal). Five hundred species don't leave because the water tested clean. Link in bio.
#poolcare #hottub #biofilm #poolmaintenance",,https://raw.githubusercontent.com/kennlend/sanitify-social-assets/main/instagram/ig/snf-2026-10-13-pool-hot-tub-10.jpg,,pool-hot-tub,Evening hot tub soak under string lights.,,,,,
2026-09-15 13:00,"Bacillus subtilis has a formal safety record: EFSA lists it with Qualified Presumption of Safety status, the kind of classification regulators only give a species with a long, boring, well-documented history. What's less well known is what it actually does once it's on a surface instead of in a dose passing through water. It doesn't sit there inert. Applied to a surface, Bacillus spores germinate into active cells over the next few hours and keep working long after the initial application (Vandini et al. 2014, PLOS ONE 9(9):e108598 — hospital hard surfaces: stone, wood, plastic, glass, metal). Safe on paper. Active on the surface. Link in bio.
#watertreatment #biofilm #irrigation #farmwater",,https://raw.githubusercontent.com/kennlend/sanitify-social-assets/main/instagram/ig/snf-2026-10-14-water-purification-10.jpg,,water-purification,A glass of clear water.,,,,,
2026-09-15 16:30,"Grandmother's story time. There is a second thing happening in this picture.

The invisible half of it is why indoor air differs from outdoor air microbially.

An over-sterilised indoor environment is increasingly discussed as a health question in its own right, not just a cleanliness win. (an emerging area of home-microbiome research, not one single study — an open scientific conversation, not a Sanitify clinical finding.)

Most of what matters here happens after you have walked away.

Link in bio.

#indoorair #homemicrobiome #airquality #healthyhome",,https://raw.githubusercontent.com/kennlend/sanitify-social-assets/main/instagram/ig/snf-2026-10-15-air-purification-11.jpg,,air-purification,Grandmother's story time.,,,,,
2026-09-15 20:00,"Piglets at the Trough. It looks like a finished job.

What is actually going on is a process, not an event — what biofilm does to water intake.

Bacillus spores applied to a surface are not an inert coating — they germinate into active cells over the following hours and keep working. (Vandini et al. 2014, PLOS ONE 9(9):e108598 — hospital hard surfaces (stone, wood, plastic, glass, metal).)

Worth remembering: a surface is never blank. Something always moves back in.

Link in bio.

#livestockwater #animalhusbandry #biofilm #farmlife",,https://raw.githubusercontent.com/kennlend/sanitify-social-assets/main/instagram/ig/snf-2026-10-16-animal-water-care-11.jpg,,animal-water-care,Piglets at the Trough.,,,,,
2026-09-16 09:00,"Wiping the high chair after lunch. It looks like a finished job.

What is actually going on is a process, not an event — why surfaces are never blank — something always recolonises them.

Alcohol and bleach lost their virus-reducing effect within one to two hours, while probiotic-treated surfaces were still working at 24 hours — the longest point tested. (D'Accolti et al. 2021, Viruses 13:2227 — lab, stainless steel.)

Worth remembering: a surface is never blank. Something always moves back in.

Link in bio.

#probioticcleaning #homemicrobiome #cleaningscience #nontoxichome",,https://raw.githubusercontent.com/kennlend/sanitify-social-assets/main/instagram/ig/snf-2026-10-17-cleaning-11.jpg,,cleaning,Wiping the high chair after lunch.,,,,,
2026-09-16 13:00,"Grandfather and grandson cannonball. It looks like a finished job.

What is actually going on is a process, not an event — the difference between treating water and treating surfaces.

This is a cleaning agent, not a biocide — certified non-biocidal, which is precisely why it can keep living on a surface instead of burning off. (Avecom/UGent non-biocidal certificate (31/07/06); Chrisal PIP declarations — regulatory classification.)

Worth remembering: a surface is never blank. Something always moves back in.

Link in bio.

#poolcare #hottub #biofilm #poolmaintenance",,https://raw.githubusercontent.com/kennlend/sanitify-social-assets/main/instagram/ig/snf-2026-10-18-pool-hot-tub-11.jpg,,pool-hot-tub,Grandfather and grandson cannonball.,,,,,
2026-09-16 16:30,"Evening trough refill. The usual advice here is not wrong, exactly — it is incomplete.

The part that gets left out is why dosing the water misses the surface.

This is a cleaning agent, not a biocide — certified non-biocidal, which is precisely why it can keep living on a surface instead of burning off. (Avecom/UGent non-biocidal certificate (31/07/06); Chrisal PIP declarations — regulatory classification.)

A better rule of thumb: ask what grows back, not just what came off.

Link in bio.

#watertreatment #biofilm #irrigation #farmwater",,https://raw.githubusercontent.com/kennlend/sanitify-social-assets/main/instagram/ig/snf-2026-10-19-water-purification-11.jpg,,water-purification,Evening trough refill.,,,,,
2026-09-16 20:00,"Teenager studying with fresh focus. The usual advice here is not wrong, exactly — it is incomplete.

The part that gets left out is why indoor air differs from outdoor air microbially.

An over-sterilised indoor environment is increasingly discussed as a health question in its own right, not just a cleanliness win. (an emerging area of home-microbiome research, not one single study — an open scientific conversation, not a Sanitify clinical finding.)

A better rule of thumb: ask what grows back, not just what came off.

Link in bio.

#indoorair #homemicrobiome #airquality #healthyhome",,https://raw.githubusercontent.com/kennlend/sanitify-social-assets/main/instagram/ig/snf-2026-10-20-air-purification-12.jpg,,air-purification,Teenager studying with fresh focus.,,,,,
2026-09-17 09:00,"Kennel Row. The usual advice here is not wrong, exactly — it is incomplete.

The part that gets left out is what to watch for between cleanings.

This is a cleaning agent, not a biocide — certified non-biocidal, which is precisely why it can keep living on a surface instead of burning off. (Avecom/UGent non-biocidal certificate (31/07/06); Chrisal PIP declarations — regulatory classification.)

A better rule of thumb: ask what grows back, not just what came off.

Link in bio.

#livestockwater #animalhusbandry #biofilm #farmlife",,https://raw.githubusercontent.com/kennlend/sanitify-social-assets/main/instagram/ig/snf-2026-10-21-animal-water-care-12.jpg,,animal-water-care,Kennel Row.,,,,,
2026-09-17 13:00,"Tidying the cat's corner. This is where the most common mistake happens.

The mistake is treating this as finished. It is really about why 'more powerful' is not the same as 'cleaner for longer'.

Bacillus spores applied to a surface are not an inert coating — they germinate into active cells over the following hours and keep working. (Vandini et al. 2014, PLOS ONE 9(9):e108598 — hospital hard surfaces (stone, wood, plastic, glass, metal).)

The fix is unglamorous — think about the hours after, not the minute of.

Link in bio.

#probioticcleaning #homemicrobiome #cleaningscience #nontoxichome",,https://raw.githubusercontent.com/kennlend/sanitify-social-assets/main/instagram/ig/snf-2026-10-22-cleaning-12.jpg,,cleaning,Tidying the cat's corner.,,,,,
2026-09-17 16:30,"Reading poolside on a lounger. This is where the most common mistake happens.

The mistake is treating this as finished. It is really about the difference between treating water and treating surfaces.

Alcohol and bleach lost their virus-reducing effect within one to two hours, while probiotic-treated surfaces were still working at 24 hours — the longest point tested. (D'Accolti et al. 2021, Viruses 13:2227 — lab, stainless steel.)

The fix is unglamorous — think about the hours after, not the minute of.

Link in bio.

#poolcare #hottub #biofilm #poolmaintenance",,https://raw.githubusercontent.com/kennlend/sanitify-social-assets/main/instagram/ig/snf-2026-10-23-pool-hot-tub-12.jpg,,pool-hot-tub,Reading poolside on a lounger.,,,,,
2026-09-17 20:00,"Checking the well flow meter. One thing worth knowing about it:

It comes down to why dosing the water misses the surface.

The Bacillus species used hold EFSA Qualified Presumption of Safety status, and a study on trigger-spray application found minimal inhalation risk in normal use. (EFSA QPS; La Maestra et al. 2021, Toxicology Letters (PMID 34626814) — regulatory status + inhalation exposure study.)

One idea, that is all. More context on the site.

Link in bio.

#watertreatment #biofilm #irrigation #farmwater",,https://raw.githubusercontent.com/kennlend/sanitify-social-assets/main/instagram/ig/snf-2026-10-24-water-purification-12.jpg,,water-purification,Checking the well flow meter.,,,,,
2026-09-18 09:00,"Dog resting in the afternoon glow. One thing worth knowing about it:

It comes down to what humidity does to what grows indoors.

A Tallinn school field study measured mold reduction after probiotic cleaning. (Hallitusuuring koolis.pdf (Tallinn school mold study) — one school building, field conditions.)

One idea, that is all. More context on the site.

Link in bio.

#indoorair #homemicrobiome #airquality #healthyhome",,https://raw.githubusercontent.com/kennlend/sanitify-social-assets/main/instagram/ig/snf-2026-10-25-air-purification-13.jpg,,air-purification,Dog resting in the afternoon glow.,,,,,
2026-09-18 13:00,"Aquarium Close-up. One thing worth knowing about it:

It comes down to the link between water line hygiene and herd consistency.

The Bacillus species used hold EFSA Qualified Presumption of Safety status, and a study on trigger-spray application found minimal inhalation risk in normal use. (EFSA QPS; La Maestra et al. 2021, Toxicology Letters (PMID 34626814) — regulatory status + inhalation exposure study.)

One idea, that is all. More context on the site.

Link in bio.

#livestockwater #animalhusbandry #biofilm #farmlife",,https://raw.githubusercontent.com/kennlend/sanitify-social-assets/main/instagram/ig/snf-2026-10-26-animal-water-care-13.jpg,,animal-water-care,Aquarium Close-up.,,,,,
2026-09-18 16:30,"Vacuuming while the dog watches. Two approaches would look identical right now.

The difference shows up later, and it is about why surfaces are never blank — something always recolonises them.

Alcohol and bleach lost their virus-reducing effect within one to two hours, while probiotic-treated surfaces were still working at 24 hours — the longest point tested. (D'Accolti et al. 2021, Viruses 13:2227 — lab, stainless steel.)

We would rather show the honest limit of what was tested than round it up.

Link in bio.

#probioticcleaning #homemicrobiome #cleaningscience #nontoxichome",,https://raw.githubusercontent.com/kennlend/sanitify-social-assets/main/instagram/ig/snf-2026-10-27-cleaning-13.jpg,,cleaning,Vacuuming while the dog watches.,,,,,
2026-09-18 20:00,"Teenage boy mid-dive. Two approaches would look identical right now.

The difference shows up later, and it is about what actually causes that after-swim smell.

This is a cleaning agent, not a biocide — certified non-biocidal, which is precisely why it can keep living on a surface instead of burning off. (Avecom/UGent non-biocidal certificate (31/07/06); Chrisal PIP declarations — regulatory classification.)

We would rather show the honest limit of what was tested than round it up.

Link in bio.

#poolcare #hottub #biofilm #poolmaintenance",,https://raw.githubusercontent.com/kennlend/sanitify-social-assets/main/instagram/ig/snf-2026-10-28-pool-hot-tub-13.jpg,,pool-hot-tub,Teenage boy mid-dive.,,,,,
2026-09-19 09:00,"Vineyard drip line check. Here is a question worth sitting with:

The honest answer runs through why dosing the water misses the surface.

Bacillus spores applied to a surface are not an inert coating — they germinate into active cells over the following hours and keep working. (Vandini et al. 2014, PLOS ONE 9(9):e108598 — hospital hard surfaces (stone, wood, plastic, glass, metal).)

If you have watched this happen in your own place, we would like to hear it.

Link in bio.

#watertreatment #biofilm #irrigation #farmwater",,https://raw.githubusercontent.com/kennlend/sanitify-social-assets/main/instagram/ig/snf-2026-10-29-water-purification-13.jpg,,water-purification,Vineyard drip line check.,,,,,
2026-09-19 13:00,"Expecting mother resting before the nursery is ready. Here is a question worth sitting with:

The honest answer runs through why indoor air differs from outdoor air microbially.

An over-sterilised indoor environment is increasingly discussed as a health question in its own right, not just a cleanliness win. (an emerging area of home-microbiome research, not one single study — an open scientific conversation, not a Sanitify clinical finding.)

If you have watched this happen in your own place, we would like to hear it.

Link in bio.

#indoorair #homemicrobiome #airquality #healthyhome",,https://raw.githubusercontent.com/kennlend/sanitify-social-assets/main/instagram/ig/snf-2026-10-30-air-purification-14.jpg,,air-purification,Expecting mother resting before the nursery is ready.,,,,,
2026-09-19 16:30,"Goat Pasture. There is a second thing happening in this picture.

The invisible half of it is why scrubbing alone resets the clock but not the outcome.

Bacillus spores applied to a surface are not an inert coating — they germinate into active cells over the following hours and keep working. (Vandini et al. 2014, PLOS ONE 9(9):e108598 — hospital hard surfaces (stone, wood, plastic, glass, metal).)

Most of what matters here happens after you have walked away.

Link in bio.

#livestockwater #animalhusbandry #biofilm #farmlife",,https://raw.githubusercontent.com/kennlend/sanitify-social-assets/main/instagram/ig/snf-2026-10-31-animal-water-care-14.jpg,,animal-water-care,Goat Pasture.,,,,,
2026-09-19 20:00,"Morning mirror wipe-down. There is a second thing happening in this picture.

The invisible half of it is why surfaces are never blank — something always recolonises them.

This is a cleaning agent, not a biocide — certified non-biocidal, which is precisely why it can keep living on a surface instead of burning off. (Avecom/UGent non-biocidal certificate (31/07/06); Chrisal PIP declarations — regulatory classification.)

Most of what matters here happens after you have walked away.

Link in bio.

#probioticcleaning #homemicrobiome #cleaningscience #nontoxichome",,https://raw.githubusercontent.com/kennlend/sanitify-social-assets/main/instagram/ig/snf-2026-11-01-cleaning-14.jpg,,cleaning,Morning mirror wipe-down.,,,,,
2026-09-20 09:00,"Applying sunscreen poolside. It looks like a finished job.

What is actually going on is a process, not an event — biofilm on surfaces as the reason chlorine demand keeps climbing.

Alcohol and bleach lost their virus-reducing effect within one to two hours, while probiotic-treated surfaces were still working at 24 hours — the longest point tested. (D'Accolti et al. 2021, Viruses 13:2227 — lab, stainless steel.)

Worth remembering: a surface is never blank. Something always moves back in.

Link in bio.

#poolcare #hottub #biofilm #poolmaintenance",,https://raw.githubusercontent.com/kennlend/sanitify-social-assets/main/instagram/ig/snf-2026-11-02-pool-hot-tub-14.jpg,,pool-hot-tub,Applying sunscreen poolside.,,,,,
2026-09-20 13:00,"Net pens on the lake. It looks like a finished job.

What is actually going on is a process, not an event — why dosing the water misses the surface.

Bacillus spores applied to a surface are not an inert coating — they germinate into active cells over the following hours and keep working. (Vandini et al. 2014, PLOS ONE 9(9):e108598 — hospital hard surfaces (stone, wood, plastic, glass, metal).)

Worth remembering: a surface is never blank. Something always moves back in.

Link in bio.

#watertreatment #biofilm #irrigation #farmwater",,https://raw.githubusercontent.com/kennlend/sanitify-social-assets/main/instagram/ig/snf-2026-11-03-water-purification-14.jpg,,water-purification,Net pens on the lake.,,,,,
2026-09-20 16:30,"Morning stretch among the plants. It looks like a finished job.

What is actually going on is a process, not an event — why ventilation is still the most underrated intervention.

This is a cleaning agent, not a biocide — certified non-biocidal, which is precisely why it can keep living on a surface instead of burning off. (Avecom/UGent non-biocidal certificate (31/07/06); Chrisal PIP declarations — regulatory classification.)

Worth remembering: a surface is never blank. Something always moves back in.

Link in bio.

#indoorair #homemicrobiome #airquality #healthyhome",,https://raw.githubusercontent.com/kennlend/sanitify-social-assets/main/instagram/ig/snf-2026-11-04-air-purification-15.jpg,,air-purification,Morning stretch among the plants.,,,,,
2026-09-20 20:00,"Sheep at Feeder. The usual advice here is not wrong, exactly — it is incomplete.

The part that gets left out is why scrubbing alone resets the clock but not the outcome.

This is a cleaning agent, not a biocide — certified non-biocidal, which is precisely why it can keep living on a surface instead of burning off. (Avecom/UGent non-biocidal certificate (31/07/06); Chrisal PIP declarations — regulatory classification.)

A better rule of thumb: ask what grows back, not just what came off.

Link in bio.

#livestockwater #animalhusbandry #biofilm #farmlife",,https://raw.githubusercontent.com/kennlend/sanitify-social-assets/main/instagram/ig/snf-2026-11-05-animal-water-care-15.jpg,,animal-water-care,Sheep at Feeder.,,,,,
2026-09-21 09:00,"Cleaning the sunroom windows. The usual advice here is not wrong, exactly — it is incomplete.

The part that gets left out is why 'more powerful' is not the same as 'cleaner for longer'.

An over-sterilised indoor environment is increasingly discussed as a health question in its own right, not just a cleanliness win. (an emerging area of home-microbiome research, not one single study — an open scientific conversation, not a Sanitify clinical finding.)

A better rule of thumb: ask what grows back, not just what came off.

Link in bio.

#probioticcleaning #homemicrobiome #cleaningscience #nontoxichome",,https://raw.githubusercontent.com/kennlend/sanitify-social-assets/main/instagram/ig/snf-2026-11-06-cleaning-15.jpg,,cleaning,Cleaning the sunroom windows.,,,,,
2026-09-21 13:00,"Testing hot tub water at dusk. The usual advice here is not wrong, exactly — it is incomplete.

The part that gets left out is why the walls matter more than the water.

This is a cleaning agent, not a biocide — certified non-biocidal, which is precisely why it can keep living on a surface instead of burning off. (Avecom/UGent non-biocidal certificate (31/07/06); Chrisal PIP declarations — regulatory classification.)

A better rule of thumb: ask what grows back, not just what came off.

Link in bio.

#poolcare #hottub #biofilm #poolmaintenance",,https://raw.githubusercontent.com/kennlend/sanitify-social-assets/main/instagram/ig/snf-2026-11-07-pool-hot-tub-15.jpg,,pool-hot-tub,Testing hot tub water at dusk.,,,,,
2026-09-21 16:30,"Testing the pond by hand. This is where the most common mistake happens.

The mistake is treating this as finished. It is really about why dosing the water misses the surface.

Bacillus spores applied to a surface are not an inert coating — they germinate into active cells over the following hours and keep working. (Vandini et al. 2014, PLOS ONE 9(9):e108598 — hospital hard surfaces (stone, wood, plastic, glass, metal).)

The fix is unglamorous — think about the hours after, not the minute of.

Link in bio.

#watertreatment #biofilm #irrigation #farmwater",,https://raw.githubusercontent.com/kennlend/sanitify-social-assets/main/instagram/ig/snf-2026-11-08-water-purification-15.jpg,,water-purification,Testing the pond by hand.,,,,,
2026-09-21 20:00,"Folding laundry in soft morning light. This is where the most common mistake happens.

The mistake is treating this as finished. It is really about dust as a habitat rather than a nuisance.

Alcohol and bleach lost their virus-reducing effect within one to two hours, while probiotic-treated surfaces were still working at 24 hours — the longest point tested. (D'Accolti et al. 2021, Viruses 13:2227 — lab, stainless steel.)

The fix is unglamorous — think about the hours after, not the minute of.

Link in bio.

#indoorair #homemicrobiome #airquality #healthyhome",,https://raw.githubusercontent.com/kennlend/sanitify-social-assets/main/instagram/ig/snf-2026-11-09-air-purification-16.jpg,,air-purification,Folding laundry in soft morning light.,,,,,
2026-09-22 09:00,"Rabbit Hutch. One thing worth knowing about it:

It comes down to what to watch for between cleanings.

The Bacillus species used hold EFSA Qualified Presumption of Safety status, and a study on trigger-spray application found minimal inhalation risk in normal use. (EFSA QPS; La Maestra et al. 2021, Toxicology Letters (PMID 34626814) — regulatory status + inhalation exposure study.)

One idea, that is all. More context on the site.

Link in bio.

#livestockwater #animalhusbandry #biofilm #farmlife",,https://raw.githubusercontent.com/kennlend/sanitify-social-assets/main/instagram/ig/snf-2026-11-10-animal-water-care-16.jpg,,animal-water-care,Rabbit Hutch.,,,,,
2026-09-22 13:00,"Wiping the table after breakfast. One thing worth knowing about it:

It comes down to what residue conventional cleaners leave behind.

Continuous daily probiotic cleaning lowered surface bioburden by about 89% versus conventional cleaning. (Vandini et al. 2014, PLOS ONE 9(9):e108598 — hospital surfaces, continuous daily use over weeks.)

One idea, that is all. More context on the site.

Link in bio.

#probioticcleaning #homemicrobiome #cleaningscience #nontoxichome",,https://raw.githubusercontent.com/kennlend/sanitify-social-assets/main/instagram/ig/snf-2026-11-11-cleaning-16.jpg,,cleaning,Wiping the table after breakfast.,,,,,
2026-09-22 16:30,"Friends chatting in the hot tub. One thing worth knowing about it:

It comes down to biofilm on surfaces as the reason chlorine demand keeps climbing.

Against enveloped viruses, a probiotic cleaning formulation reduced infectivity by 99.99% within one to two hours. (D'Accolti et al. 2021, Viruses 13:2227, DOI 10.3390/v13112227 — lab, suspension and stainless steel; SARS-CoV-2, hCoV-229E, HSV-1, 3 influenza strains, vaccinia.)

One idea, that is all. More context on the site.

Link in bio.

#poolcare #hottub #biofilm #poolmaintenance",,https://raw.githubusercontent.com/kennlend/sanitify-social-assets/main/instagram/ig/snf-2026-11-12-pool-hot-tub-16.jpg,,pool-hot-tub,Friends chatting in the hot tub.,,,,,
2026-09-22 20:00,"Adjusting the sprinkler head. Two approaches would look identical right now.

The difference shows up later, and it is about why dosing the water misses the surface.

Bacillus spores applied to a surface are not an inert coating — they germinate into active cells over the following hours and keep working. (Vandini et al. 2014, PLOS ONE 9(9):e108598 — hospital hard surfaces (stone, wood, plastic, glass, metal).)

We would rather show the honest limit of what was tested than round it up.

Link in bio.

#watertreatment #biofilm #irrigation #farmwater",,https://raw.githubusercontent.com/kennlend/sanitify-social-assets/main/instagram/ig/snf-2026-11-13-water-purification-16.jpg,,water-purification,Adjusting the sprinkler head.,,,,,
2026-09-23 09:00,"Baby asleep beneath a soft mobile. Two approaches would look identical right now.

The difference shows up later, and it is about why a home does not need to be sterile to be healthy.

This is a cleaning agent, not a biocide — certified non-biocidal, which is precisely why it can keep living on a surface instead of burning off. (Avecom/UGent non-biocidal certificate (31/07/06); Chrisal PIP declarations — regulatory classification.)

We would rather show the honest limit of what was tested than round it up.

Link in bio.

#indoorair #homemicrobiome #airquality #healthyhome",,https://raw.githubusercontent.com/kennlend/sanitify-social-assets/main/instagram/ig/snf-2026-11-14-air-purification-17.jpg,,air-purification,Baby asleep beneath a soft mobile.,,,,,
2026-09-23 13:00,"Duck Pond Edge. Here is a question worth sitting with:

The honest answer runs through why troughs regrow slime days after scrubbing.

Bacillus spores applied to a surface are not an inert coating — they germinate into active cells over the following hours and keep working. (Vandini et al. 2014, PLOS ONE 9(9):e108598 — hospital hard surfaces (stone, wood, plastic, glass, metal).)

If you have watched this happen in your own place, we would like to hear it.

Link in bio.

#livestockwater #animalhusbandry #biofilm #farmlife",,https://raw.githubusercontent.com/kennlend/sanitify-social-assets/main/instagram/ig/snf-2026-11-15-animal-water-care-17.jpg,,animal-water-care,Duck Pond Edge.,,,,,
2026-09-23 16:30,"Dusting the home office shelves. Here is a question worth sitting with:

The honest answer runs through what residue conventional cleaners leave behind.

An over-sterilised indoor environment is increasingly discussed as a health question in its own right, not just a cleanliness win. (an emerging area of home-microbiome research, not one single study — an open scientific conversation, not a Sanitify clinical finding.)

If you have watched this happen in your own place, we would like to hear it.

Link in bio.

#probioticcleaning #homemicrobiome #cleaningscience #nontoxichome",,https://raw.githubusercontent.com/kennlend/sanitify-social-assets/main/instagram/ig/snf-2026-11-16-cleaning-17.jpg,,cleaning,Dusting the home office shelves.,,,,,
2026-09-23 20:00,"Toddler with arm floats in the shallow end. There is a second thing happening in this picture.

The invisible half of it is what actually causes that after-swim smell.

Bacillus spores applied to a surface are not an inert coating — they germinate into active cells over the following hours and keep working. (Vandini et al. 2014, PLOS ONE 9(9):e108598 — hospital hard surfaces (stone, wood, plastic, glass, metal).)

Most of what matters here happens after you have walked away.

Link in bio.

#poolcare #hottub #biofilm #poolmaintenance",,https://raw.githubusercontent.com/kennlend/sanitify-social-assets/main/instagram/ig/snf-2026-11-17-pool-hot-tub-17.jpg,,pool-hot-tub,Toddler with arm floats in the shallow end.,,,,,
2026-09-24 09:00,"Drawing water from the old well. There is a second thing happening in this picture.

The invisible half of it is why dosing the water misses the surface.

This is a cleaning agent, not a biocide — certified non-biocidal, which is precisely why it can keep living on a surface instead of burning off. (Avecom/UGent non-biocidal certificate (31/07/06); Chrisal PIP declarations — regulatory classification.)

Most of what matters here happens after you have walked away.

Link in bio.

#watertreatment #biofilm #irrigation #farmwater",,https://raw.githubusercontent.com/kennlend/sanitify-social-assets/main/instagram/ig/snf-2026-11-18-water-purification-17.jpg,,water-purification,Drawing water from the old well.,,,,,
2026-09-24 13:00,"Breakfast by the kitchen window. It looks like a finished job.

What is actually going on is a process, not an event — why a home does not need to be sterile to be healthy.

This is a cleaning agent, not a biocide — certified non-biocidal, which is precisely why it can keep living on a surface instead of burning off. (Avecom/UGent non-biocidal certificate (31/07/06); Chrisal PIP declarations — regulatory classification.)

Worth remembering: a surface is never blank. Something always moves back in.

Link in bio.

#indoorair #homemicrobiome #airquality #healthyhome",,https://raw.githubusercontent.com/kennlend/sanitify-social-assets/main/instagram/ig/snf-2026-11-19-air-purification-18.jpg,,air-purification,Breakfast by the kitchen window.,,,,,
2026-09-24 16:30,"Foal and Mare. It looks like a finished job.

What is actually going on is a process, not an event — why troughs regrow slime days after scrubbing.

Bacillus spores applied to a surface are not an inert coating — they germinate into active cells over the following hours and keep working. (Vandini et al. 2014, PLOS ONE 9(9):e108598 — hospital hard surfaces (stone, wood, plastic, glass, metal).)

Worth remembering: a surface is never blank. Something always moves back in.

Link in bio.

#livestockwater #animalhusbandry #biofilm #farmlife",,https://raw.githubusercontent.com/kennlend/sanitify-social-assets/main/instagram/ig/snf-2026-11-20-animal-water-care-18.jpg,,animal-water-care,Foal and Mare.,,,,,
2026-09-24 20:00,"Drying the entryway after a wet dog. It looks like a finished job.

What is actually going on is a process, not an event — why surfaces are never blank — something always recolonises them.

Alcohol and bleach lost their virus-reducing effect within one to two hours, while probiotic-treated surfaces were still working at 24 hours — the longest point tested. (D'Accolti et al. 2021, Viruses 13:2227 — lab, stainless steel.)

Worth remembering: a surface is never blank. Something always moves back in.

Link in bio.

#probioticcleaning #homemicrobiome #cleaningscience #nontoxichome",,https://raw.githubusercontent.com/kennlend/sanitify-social-assets/main/instagram/ig/snf-2026-11-21-cleaning-18.jpg,,cleaning,Drying the entryway after a wet dog.,,,,,
2026-09-25 09:00,"Elderly couple with morning coffee on the pool steps. The usual advice here is not wrong, exactly — it is incomplete.

The part that gets left out is biofilm on surfaces as the reason chlorine demand keeps climbing.

This is a cleaning agent, not a biocide — certified non-biocidal, which is precisely why it can keep living on a surface instead of burning off. (Avecom/UGent non-biocidal certificate (31/07/06); Chrisal PIP declarations — regulatory classification.)

A better rule of thumb: ask what grows back, not just what came off.

Link in bio.

#poolcare #hottub #biofilm #poolmaintenance",,https://raw.githubusercontent.com/kennlend/sanitify-social-assets/main/instagram/ig/snf-2026-11-22-pool-hot-tub-18.jpg,,pool-hot-tub,Elderly couple with morning coffee on the pool steps.,,,,,
2026-09-25 13:00,"Notes by the irrigation channel. The usual advice here is not wrong, exactly — it is incomplete.

The part that gets left out is why dosing the water misses the surface.

This is a cleaning agent, not a biocide — certified non-biocidal, which is precisely why it can keep living on a surface instead of burning off. (Avecom/UGent non-biocidal certificate (31/07/06); Chrisal PIP declarations — regulatory classification.)

A better rule of thumb: ask what grows back, not just what came off.

Link in bio.

#watertreatment #biofilm #irrigation #farmwater",,https://raw.githubusercontent.com/kennlend/sanitify-social-assets/main/instagram/ig/snf-2026-11-23-water-purification-18.jpg,,water-purification,Notes by the irrigation channel.,,,,,
2026-09-25 16:30,"Knitting by the window with the cat. The usual advice here is not wrong, exactly — it is incomplete.

The part that gets left out is why indoor air differs from outdoor air microbially.

An over-sterilised indoor environment is increasingly discussed as a health question in its own right, not just a cleanliness win. (an emerging area of home-microbiome research, not one single study — an open scientific conversation, not a Sanitify clinical finding.)

A better rule of thumb: ask what grows back, not just what came off.

Link in bio.

#indoorair #homemicrobiome #airquality #healthyhome",,https://raw.githubusercontent.com/kennlend/sanitify-social-assets/main/instagram/ig/snf-2026-11-24-air-purification-19.jpg,,air-purification,Knitting by the window with the cat.,,,,,
2026-09-25 20:00,"Geese at Water's Edge. This is where the most common mistake happens.

The mistake is treating this as finished. It is really about what biofilm does to water intake.

Bacillus spores applied to a surface are not an inert coating — they germinate into active cells over the following hours and keep working. (Vandini et al. 2014, PLOS ONE 9(9):e108598 — hospital hard surfaces (stone, wood, plastic, glass, metal).)

The fix is unglamorous — think about the hours after, not the minute of.

Link in bio.

#livestockwater #animalhusbandry #biofilm #farmlife",,https://raw.githubusercontent.com/kennlend/sanitify-social-assets/main/instagram/ig/snf-2026-11-25-animal-water-care-19.jpg,,animal-water-care,Geese at Water's Edge.,,,,,
2026-09-26 09:00,"Sweeping the kitchen floor at dawn. This is where the most common mistake happens.

The mistake is treating this as finished. It is really about why 'more powerful' is not the same as 'cleaner for longer'.

Bacillus spores applied to a surface are not an inert coating — they germinate into active cells over the following hours and keep working. (Vandini et al. 2014, PLOS ONE 9(9):e108598 — hospital hard surfaces (stone, wood, plastic, glass, metal).)

The fix is unglamorous — think about the hours after, not the minute of.

Link in bio.

#probioticcleaning #homemicrobiome #cleaningscience #nontoxichome",,https://raw.githubusercontent.com/kennlend/sanitify-social-assets/main/instagram/ig/snf-2026-11-26-cleaning-19.jpg,,cleaning,Sweeping the kitchen floor at dawn.,,,,,
2026-09-26 13:00,"Sunrise yoga on the pool deck. One thing worth knowing about it:

It comes down to why water can look clear and still be biologically busy.

The Bacillus species used hold EFSA Qualified Presumption of Safety status, and a study on trigger-spray application found minimal inhalation risk in normal use. (EFSA QPS; La Maestra et al. 2021, Toxicology Letters (PMID 34626814) — regulatory status + inhalation exposure study.)

One idea, that is all. More context on the site.

Link in bio.

#poolcare #hottub #biofilm #poolmaintenance",,https://raw.githubusercontent.com/kennlend/sanitify-social-assets/main/instagram/ig/snf-2026-11-27-pool-hot-tub-19.jpg,,pool-hot-tub,Sunrise yoga on the pool deck.,,,,,
2026-09-26 16:30,"Checking the tank aerator. One thing worth knowing about it:

It comes down to why a clean-looking tank can still seed a whole system.

The Bacillus species used hold EFSA Qualified Presumption of Safety status, and a study on trigger-spray application found minimal inhalation risk in normal use. (EFSA QPS; La Maestra et al. 2021, Toxicology Letters (PMID 34626814) — regulatory status + inhalation exposure study.)

One idea, that is all. More context on the site.

Link in bio.

#watertreatment #biofilm #irrigation #farmwater",,https://raw.githubusercontent.com/kennlend/sanitify-social-assets/main/instagram/ig/snf-2026-11-28-water-purification-19.jpg,,water-purification,Checking the tank aerator.,,,,,
2026-09-26 20:00,"Working from a Nordic loft. One thing worth knowing about it:

It comes down to what humidity does to what grows indoors.

A Tallinn school field study measured mold reduction after probiotic cleaning. (Hallitusuuring koolis.pdf (Tallinn school mold study) — one school building, field conditions.)

One idea, that is all. More context on the site.

Link in bio.

#indoorair #homemicrobiome #airquality #healthyhome",,https://raw.githubusercontent.com/kennlend/sanitify-social-assets/main/instagram/ig/snf-2026-11-29-air-purification-20.jpg,,air-purification,Working from a Nordic loft.,,,,,
2026-09-27 09:00,"Lambs at Trough. Two approaches would look identical right now.

The difference shows up later, and it is about the link between water line hygiene and herd consistency.

This is a cleaning agent, not a biocide — certified non-biocidal, which is precisely why it can keep living on a surface instead of burning off. (Avecom/UGent non-biocidal certificate (31/07/06); Chrisal PIP declarations — regulatory classification.)

We would rather show the honest limit of what was tested than round it up.

Link in bio.

#livestockwater #animalhusbandry #biofilm #farmlife",,https://raw.githubusercontent.com/kennlend/sanitify-social-assets/main/instagram/ig/snf-2026-11-30-animal-water-care-20.jpg,,animal-water-care,Lambs at Trough.,,,,,
2026-09-27 13:00,"Wiping the tub after bath time. Two approaches would look identical right now.

The difference shows up later, and it is about why surfaces are never blank — something always recolonises them.

Alcohol and bleach lost their virus-reducing effect within one to two hours, while probiotic-treated surfaces were still working at 24 hours — the longest point tested. (D'Accolti et al. 2021, Viruses 13:2227 — lab, stainless steel.)

We would rather show the honest limit of what was tested than round it up.

Link in bio.

#probioticcleaning #homemicrobiome #cleaningscience #nontoxichome",,https://raw.githubusercontent.com/kennlend/sanitify-social-assets/main/instagram/ig/snf-2026-12-01-cleaning-20.jpg,,cleaning,Wiping the tub after bath time.,,,,,
2026-09-27 16:30,"Family barbecue beside the pool at golden hour. Here is a question worth sitting with:

The honest answer runs through what actually causes that after-swim smell.

Bacillus spores applied to a surface are not an inert coating — they germinate into active cells over the following hours and keep working. (Vandini et al. 2014, PLOS ONE 9(9):e108598 — hospital hard surfaces (stone, wood, plastic, glass, metal).)

If you have watched this happen in your own place, we would like to hear it.

Link in bio.

#poolcare #hottub #biofilm #poolmaintenance",,https://raw.githubusercontent.com/kennlend/sanitify-social-assets/main/instagram/ig/snf-2026-12-02-pool-hot-tub-20.jpg,,pool-hot-tub,Family barbecue beside the pool at golden hour.,,,,,
2026-09-27 20:00,"Shepherd at the sheep trough. Here is a question worth sitting with:

The honest answer runs through why dosing the water misses the surface.

Bacillus spores applied to a surface are not an inert coating — they germinate into active cells over the following hours and keep working. (Vandini et al. 2014, PLOS ONE 9(9):e108598 — hospital hard surfaces (stone, wood, plastic, glass, metal).)

If you have watched this happen in your own place, we would like to hear it.

Link in bio.

#watertreatment #biofilm #irrigation #farmwater",,https://raw.githubusercontent.com/kennlend/sanitify-social-assets/main/instagram/ig/snf-2026-12-03-water-purification-20.jpg,,water-purification,Shepherd at the sheep trough.,,,,,
2026-09-28 09:00,"Rocking chair at dusk. There is a second thing happening in this picture.

The invisible half of it is why indoor air differs from outdoor air microbially.

An over-sterilised indoor environment is increasingly discussed as a health question in its own right, not just a cleanliness win. (an emerging area of home-microbiome research, not one single study — an open scientific conversation, not a Sanitify clinical finding.)

Most of what matters here happens after you have walked away.

Link in bio.

#indoorair #homemicrobiome #airquality #healthyhome",,https://raw.githubusercontent.com/kennlend/sanitify-social-assets/main/instagram/ig/snf-2026-12-04-air-purification-21.jpg,,air-purification,Rocking chair at dusk.,,,,,
2026-09-28 13:00,"Grandmother's Coop Visit. There is a second thing happening in this picture.

The invisible half of it is why scrubbing alone resets the clock but not the outcome.

This is a cleaning agent, not a biocide — certified non-biocidal, which is precisely why it can keep living on a surface instead of burning off. (Avecom/UGent non-biocidal certificate (31/07/06); Chrisal PIP declarations — regulatory classification.)

Most of what matters here happens after you have walked away.

Link in bio.

#livestockwater #animalhusbandry #biofilm #farmlife",,https://raw.githubusercontent.com/kennlend/sanitify-social-assets/main/instagram/ig/snf-2026-12-05-animal-water-care-21.jpg,,animal-water-care,Grandmother's Coop Visit.,,,,,
2026-09-28 16:30,"Wiping the nursery changing table. It looks like a finished job.

What is actually going on is a process, not an event — why 'more powerful' is not the same as 'cleaner for longer'.

Bacillus spores applied to a surface are not an inert coating — they germinate into active cells over the following hours and keep working. (Vandini et al. 2014, PLOS ONE 9(9):e108598 — hospital hard surfaces (stone, wood, plastic, glass, metal).)

Worth remembering: a surface is never blank. Something always moves back in.

Link in bio.

#probioticcleaning #homemicrobiome #cleaningscience #nontoxichome",,https://raw.githubusercontent.com/kennlend/sanitify-social-assets/main/instagram/ig/snf-2026-12-06-cleaning-21.jpg,,cleaning,Wiping the nursery changing table.,,,,,
2026-09-28 20:00,"Vacuuming the pool floor. It looks like a finished job.

What is actually going on is a process, not an event — why water can look clear and still be biologically busy.

This is a cleaning agent, not a biocide — certified non-biocidal, which is precisely why it can keep living on a surface instead of burning off. (Avecom/UGent non-biocidal certificate (31/07/06); Chrisal PIP declarations — regulatory classification.)

Worth remembering: a surface is never blank. Something always moves back in.

Link in bio.

#poolcare #hottub #biofilm #poolmaintenance",,https://raw.githubusercontent.com/kennlend/sanitify-social-assets/main/instagram/ig/snf-2026-12-07-pool-hot-tub-22.jpg,,pool-hot-tub,Vacuuming the pool floor.,,,,,
2026-09-29 09:00,"Inspecting the rusted pipe. It looks like a finished job.

What is actually going on is a process, not an event — why dosing the water misses the surface.

Bacillus spores applied to a surface are not an inert coating — they germinate into active cells over the following hours and keep working. (Vandini et al. 2014, PLOS ONE 9(9):e108598 — hospital hard surfaces (stone, wood, plastic, glass, metal).)

Worth remembering: a surface is never blank. Something always moves back in.

Link in bio.

#watertreatment #biofilm #irrigation #farmwater",,https://raw.githubusercontent.com/kennlend/sanitify-social-assets/main/instagram/ig/snf-2026-12-08-water-purification-21.jpg,,water-purification,Inspecting the rusted pipe.,,,,,
2026-09-29 13:00,"Quiet skincare moment by the window. The usual advice here is not wrong, exactly — it is incomplete.

The part that gets left out is why ventilation is still the most underrated intervention.

This is a cleaning agent, not a biocide — certified non-biocidal, which is precisely why it can keep living on a surface instead of burning off. (Avecom/UGent non-biocidal certificate (31/07/06); Chrisal PIP declarations — regulatory classification.)

A better rule of thumb: ask what grows back, not just what came off.

Link in bio.

#indoorair #homemicrobiome #airquality #healthyhome",,https://raw.githubusercontent.com/kennlend/sanitify-social-assets/main/instagram/ig/snf-2026-12-09-air-purification-22.jpg,,air-purification,Quiet skincare moment by the window.,,,,,
2026-09-29 16:30,"Farmhand's Buckets. The usual advice here is not wrong, exactly — it is incomplete.

The part that gets left out is the link between water line hygiene and herd consistency.

This is a cleaning agent, not a biocide — certified non-biocidal, which is precisely why it can keep living on a surface instead of burning off. (Avecom/UGent non-biocidal certificate (31/07/06); Chrisal PIP declarations — regulatory classification.)

A better rule of thumb: ask what grows back, not just what came off.

Link in bio.

#livestockwater #animalhusbandry #biofilm #farmlife",,https://raw.githubusercontent.com/kennlend/sanitify-social-assets/main/instagram/ig/snf-2026-12-10-animal-water-care-22.jpg,,animal-water-care,Farmhand's Buckets.,,,,,
2026-09-29 20:00,"Wiping the stovetop after dinner. The usual advice here is not wrong, exactly — it is incomplete.

The part that gets left out is why surfaces are never blank — something always recolonises them.

An over-sterilised indoor environment is increasingly discussed as a health question in its own right, not just a cleanliness win. (an emerging area of home-microbiome research, not one single study — an open scientific conversation, not a Sanitify clinical finding.)

A better rule of thumb: ask what grows back, not just what came off.

Link in bio.

#probioticcleaning #homemicrobiome #cleaningscience #nontoxichome",,https://raw.githubusercontent.com/kennlend/sanitify-social-assets/main/instagram/ig/snf-2026-12-11-cleaning-22.jpg,,cleaning,Wiping the stovetop after dinner.,,,,,
2026-09-30 09:00,"Kids playing catch in the shallow end. This is where the most common mistake happens.

The mistake is treating this as finished. It is really about the difference between treating water and treating surfaces.

Alcohol and bleach lost their virus-reducing effect within one to two hours, while probiotic-treated surfaces were still working at 24 hours — the longest point tested. (D'Accolti et al. 2021, Viruses 13:2227 — lab, stainless steel.)

The fix is unglamorous — think about the hours after, not the minute of.

Link in bio.

#poolcare #hottub #biofilm #poolmaintenance",,https://raw.githubusercontent.com/kennlend/sanitify-social-assets/main/instagram/ig/snf-2026-12-12-pool-hot-tub-23.jpg,,pool-hot-tub,Kids playing catch in the shallow end.,,,,,
2026-09-30 13:00,"Washing vegetables at the well. This is where the most common mistake happens.

The mistake is treating this as finished. It is really about why dosing the water misses the surface.

Bacillus spores applied to a surface are not an inert coating — they germinate into active cells over the following hours and keep working. (Vandini et al. 2014, PLOS ONE 9(9):e108598 — hospital hard surfaces (stone, wood, plastic, glass, metal).)

The fix is unglamorous — think about the hours after, not the minute of.

Link in bio.

#watertreatment #biofilm #irrigation #farmwater",,https://raw.githubusercontent.com/kennlend/sanitify-social-assets/main/instagram/ig/snf-2026-12-13-water-purification-22.jpg,,water-purification,Washing vegetables at the well.,,,,,
2026-09-30 16:30,"Teen and dog bowl. One thing worth knowing about it:

It comes down to why troughs regrow slime days after scrubbing.

The Bacillus species used hold EFSA Qualified Presumption of Safety status, and a study on trigger-spray application found minimal inhalation risk in normal use. (EFSA QPS; La Maestra et al. 2021, Toxicology Letters (PMID 34626814) — regulatory status + inhalation exposure study.)

One idea, that is all. More context on the site.

Link in bio.

#livestockwater #animalhusbandry #biofilm #farmlife",,https://raw.githubusercontent.com/kennlend/sanitify-social-assets/main/instagram/ig/snf-2026-12-14-animal-water-care-23.jpg,,animal-water-care,Teen and dog bowl.,,,,,
2026-09-30 20:00,"Cleaning up after repotting plants. One thing worth knowing about it:

It comes down to what residue conventional cleaners leave behind.

Continuous daily probiotic cleaning lowered surface bioburden by about 89% versus conventional cleaning. (Vandini et al. 2014, PLOS ONE 9(9):e108598 — hospital surfaces, continuous daily use over weeks.)

One idea, that is all. More context on the site.

Link in bio.

#probioticcleaning #homemicrobiome #cleaningscience #nontoxichome",,https://raw.githubusercontent.com/kennlend/sanitify-social-assets/main/instagram/ig/snf-2026-12-15-cleaning-23.jpg,,cleaning,Cleaning up after repotting plants.,,,,,
2026-10-01 09:00,"Toweling off poolside. One thing worth knowing about it:

It comes down to why the walls matter more than the water.

Against enveloped viruses, a probiotic cleaning formulation reduced infectivity by 99.99% within one to two hours. (D'Accolti et al. 2021, Viruses 13:2227, DOI 10.3390/v13112227 — lab, suspension and stainless steel; SARS-CoV-2, hCoV-229E, HSV-1, 3 influenza strains, vaccinia.)

One idea, that is all. More context on the site.

Link in bio.

#poolcare #hottub #biofilm #poolmaintenance",,https://raw.githubusercontent.com/kennlend/sanitify-social-assets/main/instagram/ig/snf-2026-12-16-pool-hot-tub-24.jpg,,pool-hot-tub,Toweling off poolside.,,,,,
2026-10-01 13:00,"Wiping down the home yoga corner. Two approaches would look identical right now.

The difference shows up later, and it is about why surfaces are never blank — something always recolonises them.

This is a cleaning agent, not a biocide — certified non-biocidal, which is precisely why it can keep living on a surface instead of burning off. (Avecom/UGent non-biocidal certificate (31/07/06); Chrisal PIP declarations — regulatory classification.)

We would rather show the honest limit of what was tested than round it up.

Link in bio.

#probioticcleaning #homemicrobiome #cleaningscience #nontoxichome",,https://raw.githubusercontent.com/kennlend/sanitify-social-assets/main/instagram/ig/snf-2026-12-17-cleaning-24.jpg,,cleaning,Wiping down the home yoga corner.,,,,,
2026-10-01 16:30,"Wiping the mudroom bench together. Two approaches would look identical right now.

The difference shows up later, and it is about why surfaces are never blank — something always recolonises them.

Alcohol and bleach lost their virus-reducing effect within one to two hours, while probiotic-treated surfaces were still working at 24 hours — the longest point tested. (D'Accolti et al. 2021, Viruses 13:2227 — lab, stainless steel.)

We would rather show the honest limit of what was tested than round it up.

Link in bio.

#probioticcleaning #homemicrobiome #cleaningscience #nontoxichome",,https://raw.githubusercontent.com/kennlend/sanitify-social-assets/main/instagram/ig/snf-2026-12-18-cleaning-25.jpg,,cleaning,Wiping the mudroom bench together.,,,,,
2026-10-01 20:00,"Wiping the laundry room counter. Here is a question worth sitting with:

The honest answer runs through why surfaces are never blank — something always recolonises them.

An over-sterilised indoor environment is increasingly discussed as a health question in its own right, not just a cleanliness win. (an emerging area of home-microbiome research, not one single study — an open scientific conversation, not a Sanitify clinical finding.)

If you have watched this happen in your own place, we would like to hear it.

Link in bio.

#probioticcleaning #homemicrobiome #cleaningscience #nontoxichome",,https://raw.githubusercontent.com/kennlend/sanitify-social-assets/main/instagram/ig/snf-2026-12-19-cleaning-26.jpg,,cleaning,Wiping the laundry room counter.,,,,,
2026-10-02 09:00,"Tidying the toy bin corner. Here is a question worth sitting with:

The honest answer runs through why 'more powerful' is not the same as 'cleaner for longer'.

Bacillus spores applied to a surface are not an inert coating — they germinate into active cells over the following hours and keep working. (Vandini et al. 2014, PLOS ONE 9(9):e108598 — hospital hard surfaces (stone, wood, plastic, glass, metal).)

If you have watched this happen in your own place, we would like to hear it.

Link in bio.

#probioticcleaning #homemicrobiome #cleaningscience #nontoxichome",,https://raw.githubusercontent.com/kennlend/sanitify-social-assets/main/instagram/ig/snf-2026-12-20-cleaning-27.jpg,,cleaning,Tidying the toy bin corner.,,,,,
2026-10-02 13:00,"Streak free shower glass. There is a second thing happening in this picture.

The invisible half of it is why surfaces are never blank — something always recolonises them.

Bacillus spores applied to a surface are not an inert coating — they germinate into active cells over the following hours and keep working. (Vandini et al. 2014, PLOS ONE 9(9):e108598 — hospital hard surfaces (stone, wood, plastic, glass, metal).)

Most of what matters here happens after you have walked away.

Link in bio.

#probioticcleaning #homemicrobiome #cleaningscience #nontoxichome",,https://raw.githubusercontent.com/kennlend/sanitify-social-assets/main/instagram/ig/snf-2026-12-21-cleaning-28.jpg,,cleaning,Streak free shower glass.,,,,,
2026-10-02 16:30,"Cleaning the pet food station. There is a second thing happening in this picture.

The invisible half of it is why the smell comes back after a deep clean.

An over-sterilised indoor environment is increasingly discussed as a health question in its own right, not just a cleanliness win. (an emerging area of home-microbiome research, not one single study — an open scientific conversation, not a Sanitify clinical finding.)

Most of what matters here happens after you have walked away.

Link in bio.

#probioticcleaning #homemicrobiome #cleaningscience #nontoxichome",,https://raw.githubusercontent.com/kennlend/sanitify-social-assets/main/instagram/ig/snf-2026-12-22-cleaning-29.jpg,,cleaning,Cleaning the pet food station.,,,,,
2026-10-02 20:00,"Studio hero four product combo. It looks like a finished job.

What is actually going on is a process, not an event — why the smell comes back after a deep clean.

Bacillus spores applied to a surface are not an inert coating — they germinate into active cells over the following hours and keep working. (Vandini et al. 2014, PLOS ONE 9(9):e108598 — hospital hard surfaces (stone, wood, plastic, glass, metal).)

Worth remembering: a surface is never blank. Something always moves back in.

Link in bio.

#probioticcleaning #homemicrobiome #cleaningscience #nontoxichome",,https://raw.githubusercontent.com/kennlend/sanitify-social-assets/main/instagram/ig/snf-2026-12-23-cleaning-product-range-01.jpg,,cleaning,Studio hero four product combo.,,,,,
2026-10-03 09:00,"Kitchen four product combo. It looks like a finished job.

What is actually going on is a process, not an event — why the smell comes back after a deep clean.

This is a cleaning agent, not a biocide — certified non-biocidal, which is precisely why it can keep living on a surface instead of burning off. (Avecom/UGent non-biocidal certificate (31/07/06); Chrisal PIP declarations — regulatory classification.)

Worth remembering: a surface is never blank. Something always moves back in.

Link in bio.

#probioticcleaning #homemicrobiome #cleaningscience #nontoxichome",,https://raw.githubusercontent.com/kennlend/sanitify-social-assets/main/instagram/ig/snf-2026-12-24-cleaning-product-range-02.jpg,,cleaning,Kitchen four product combo.,,,,,
2026-10-03 13:00,"Bathroom four product combo. It looks like a finished job.

What is actually going on is a process, not an event — why surfaces are never blank — something always recolonises them.

Alcohol and bleach lost their virus-reducing effect within one to two hours, while probiotic-treated surfaces were still working at 24 hours — the longest point tested. (D'Accolti et al. 2021, Viruses 13:2227 — lab, stainless steel.)

Worth remembering: a surface is never blank. Something always moves back in.

Link in bio.

#probioticcleaning #homemicrobiome #cleaningscience #nontoxichome",,https://raw.githubusercontent.com/kennlend/sanitify-social-assets/main/instagram/ig/snf-2026-12-25-cleaning-product-range-03.jpg,,cleaning,Bathroom four product combo.,,,,,
2026-10-03 16:30,"Laundry four product combo. The usual advice here is not wrong, exactly — it is incomplete.

The part that gets left out is what residue conventional cleaners leave behind.

Continuous daily probiotic cleaning lowered surface bioburden by about 89% versus conventional cleaning. (Vandini et al. 2014, PLOS ONE 9(9):e108598 — hospital surfaces, continuous daily use over weeks.)

A better rule of thumb: ask what grows back, not just what came off.

Link in bio.

#probioticcleaning #homemicrobiome #cleaningscience #nontoxichome",,https://raw.githubusercontent.com/kennlend/sanitify-social-assets/main/instagram/ig/snf-2026-12-26-cleaning-product-range-04.jpg,,cleaning,Laundry four product combo.,,,,,
2026-10-03 20:00,"Cleaning caddy four product combo. The usual advice here is not wrong, exactly — it is incomplete.

The part that gets left out is why surfaces are never blank — something always recolonises them.

Alcohol and bleach lost their virus-reducing effect within one to two hours, while probiotic-treated surfaces were still working at 24 hours — the longest point tested. (D'Accolti et al. 2021, Viruses 13:2227 — lab, stainless steel.)

A better rule of thumb: ask what grows back, not just what came off.

Link in bio.

#probioticcleaning #homemicrobiome #cleaningscience #nontoxichome",,https://raw.githubusercontent.com/kennlend/sanitify-social-assets/main/instagram/ig/snf-2026-12-27-cleaning-product-range-05.jpg,,cleaning,Cleaning caddy four product combo.,,,,,
2026-10-04 09:00,"Dining room four product combo. The usual advice here is not wrong, exactly — it is incomplete.

The part that gets left out is why surfaces are never blank — something always recolonises them.

An over-sterilised indoor environment is increasingly discussed as a health question in its own right, not just a cleanliness win. (an emerging area of home-microbiome research, not one single study — an open scientific conversation, not a Sanitify clinical finding.)

A better rule of thumb: ask what grows back, not just what came off.

Link in bio.

#probioticcleaning #homemicrobiome #cleaningscience #nontoxichome",,https://raw.githubusercontent.com/kennlend/sanitify-social-assets/main/instagram/ig/snf-2026-12-28-cleaning-product-range-06.jpg,,cleaning,Dining room four product combo.,,,,,
2026-10-04 13:00,"Cleaning cupboard four product combo. This is where the most common mistake happens.

The mistake is treating this as finished. It is really about why surfaces are never blank — something always recolonises them.

Alcohol and bleach lost their virus-reducing effect within one to two hours, while probiotic-treated surfaces were still working at 24 hours — the longest point tested. (D'Accolti et al. 2021, Viruses 13:2227 — lab, stainless steel.)

The fix is unglamorous — think about the hours after, not the minute of.

Link in bio.

#probioticcleaning #homemicrobiome #cleaningscience #nontoxichome",,https://raw.githubusercontent.com/kennlend/sanitify-social-assets/main/instagram/ig/snf-2026-12-29-cleaning-product-range-07.jpg,,cleaning,Cleaning cupboard four product combo.,,,,,
2026-10-04 16:30,"Entryway four product combo. This is where the most common mistake happens.

The mistake is treating this as finished. It is really about why the smell comes back after a deep clean.

Bacillus spores applied to a surface are not an inert coating — they germinate into active cells over the following hours and keep working. (Vandini et al. 2014, PLOS ONE 9(9):e108598 — hospital hard surfaces (stone, wood, plastic, glass, metal).)

The fix is unglamorous — think about the hours after, not the minute of.

Link in bio.

#probioticcleaning #homemicrobiome #cleaningscience #nontoxichome",,https://raw.githubusercontent.com/kennlend/sanitify-social-assets/main/instagram/ig/snf-2026-12-30-cleaning-product-range-08.jpg,,cleaning,Entryway four product combo.,,,,,
2026-10-04 20:00,"Hotel cart four product combo. One thing worth knowing about it:

It comes down to why the smell comes back after a deep clean.

The Bacillus species used hold EFSA Qualified Presumption of Safety status, and a study on trigger-spray application found minimal inhalation risk in normal use. (EFSA QPS; La Maestra et al. 2021, Toxicology Letters (PMID 34626814) — regulatory status + inhalation exposure study.)

One idea, that is all. More context on the site.

Link in bio.

#probioticcleaning #homemicrobiome #cleaningscience #nontoxichome",,https://raw.githubusercontent.com/kennlend/sanitify-social-assets/main/instagram/ig/snf-2026-12-31-cleaning-product-range-09.jpg,,cleaning,Hotel cart four product combo.,,,,,
2026-10-05 09:00,"Premium closeup four product combo. One thing worth knowing about it:

It comes down to what residue conventional cleaners leave behind.

Continuous daily probiotic cleaning lowered surface bioburden by about 89% versus conventional cleaning. (Vandini et al. 2014, PLOS ONE 9(9):e108598 — hospital surfaces, continuous daily use over weeks.)

One idea, that is all. More context on the site.

Link in bio.

#probioticcleaning #homemicrobiome #cleaningscience #nontoxichome",,https://raw.githubusercontent.com/kennlend/sanitify-social-assets/main/instagram/ig/snf-2027-01-01-cleaning-product-range-10.jpg,,cleaning,Premium closeup four product combo.,,,,,
2026-10-05 13:00,"Dawn sleep, quiet purifier glow. The usual advice here is not wrong, exactly — it is incomplete.

The part that gets left out is why indoor air differs from outdoor air microbially.

An over-sterilised indoor environment is increasingly discussed as a health question in its own right, not just a cleanliness win. (an emerging area of home-microbiome research, not one single study — an open scientific conversation, not a Sanitify clinical finding.)

A better rule of thumb: ask what grows back, not just what came off.

Link in bio.

#indoorair #homemicrobiome #airquality #healthyhome",,https://raw.githubusercontent.com/kennlend/sanitify-social-assets/main/instagram/ig/snf-2027-01-02-air-purification-01.jpg,,air-purification,"Dawn sleep, quiet purifier glow.",,,,,
2026-10-05 16:30,"Golden Hour Bowl. The usual advice here is not wrong, exactly — it is incomplete.

The part that gets left out is what biofilm does to water intake.

This is a cleaning agent, not a biocide — certified non-biocidal, which is precisely why it can keep living on a surface instead of burning off. (Avecom/UGent non-biocidal certificate (31/07/06); Chrisal PIP declarations — regulatory classification.)

A better rule of thumb: ask what grows back, not just what came off.

Link in bio.

#livestockwater #animalhusbandry #biofilm #farmlife",,https://raw.githubusercontent.com/kennlend/sanitify-social-assets/main/instagram/ig/snf-2027-01-03-animal-water-care-01.jpg,,animal-water-care,Golden Hour Bowl.,,,,,
2026-10-05 20:00,"Morning counter wipe, toddler underfoot. The usual advice here is not wrong, exactly — it is incomplete.

The part that gets left out is what residue conventional cleaners leave behind.

Continuous daily probiotic cleaning lowered surface bioburden by about 89% versus conventional cleaning. (Vandini et al. 2014, PLOS ONE 9(9):e108598 — hospital surfaces, continuous daily use over weeks.)

A better rule of thumb: ask what grows back, not just what came off.

Link in bio.

#probioticcleaning #homemicrobiome #cleaningscience #nontoxichome",,https://raw.githubusercontent.com/kennlend/sanitify-social-assets/main/instagram/ig/snf-2027-01-04-cleaning-01.jpg,,cleaning,"Morning counter wipe, toddler underfoot.",,,,,
2026-10-06 09:00,"Golden-hour family lounge by the pool. This is where the most common mistake happens.

The mistake is treating this as finished. It is really about biofilm on surfaces as the reason chlorine demand keeps climbing.

Bacillus spores applied to a surface are not an inert coating — they germinate into active cells over the following hours and keep working. (Vandini et al. 2014, PLOS ONE 9(9):e108598 — hospital hard surfaces (stone, wood, plastic, glass, metal).)

The fix is unglamorous — think about the hours after, not the minute of.

Link in bio.

#poolcare #hottub #biofilm #poolmaintenance",,https://raw.githubusercontent.com/kennlend/sanitify-social-assets/main/instagram/ig/snf-2027-01-05-pool-hot-tub-01.jpg,,pool-hot-tub,Golden-hour family lounge by the pool.,,,,,
2026-10-06 13:00,"Golden hour trough check. This is where the most common mistake happens.

The mistake is treating this as finished. It is really about why dosing the water misses the surface.

Bacillus spores applied to a surface are not an inert coating — they germinate into active cells over the following hours and keep working. (Vandini et al. 2014, PLOS ONE 9(9):e108598 — hospital hard surfaces (stone, wood, plastic, glass, metal).)

The fix is unglamorous — think about the hours after, not the minute of.

Link in bio.

#watertreatment #biofilm #irrigation #farmwater",,https://raw.githubusercontent.com/kennlend/sanitify-social-assets/main/instagram/ig/snf-2027-01-06-water-purification-01.jpg,,water-purification,Golden hour trough check.,,,,,
2026-10-06 16:30,"Father settling the baby at dusk. This is where the most common mistake happens.

The mistake is treating this as finished. It is really about why indoor air differs from outdoor air microbially.

Alcohol and bleach lost their virus-reducing effect within one to two hours, while probiotic-treated surfaces were still working at 24 hours — the longest point tested. (D'Accolti et al. 2021, Viruses 13:2227 — lab, stainless steel.)

The fix is unglamorous — think about the hours after, not the minute of.

Link in bio.

#indoorair #homemicrobiome #airquality #healthyhome",,https://raw.githubusercontent.com/kennlend/sanitify-social-assets/main/instagram/ig/snf-2027-01-07-air-purification-02.jpg,,air-purification,Father settling the baby at dusk.,,,,,
2026-10-06 20:00,"Windowsill Fountain Cat. One thing worth knowing about it:

It comes down to what biofilm does to water intake.

The Bacillus species used hold EFSA Qualified Presumption of Safety status, and a study on trigger-spray application found minimal inhalation risk in normal use. (EFSA QPS; La Maestra et al. 2021, Toxicology Letters (PMID 34626814) — regulatory status + inhalation exposure study.)

One idea, that is all. More context on the site.

Link in bio.

#livestockwater #animalhusbandry #biofilm #farmlife",,https://raw.githubusercontent.com/kennlend/sanitify-social-assets/main/instagram/ig/snf-2027-01-08-animal-water-care-02.jpg,,animal-water-care,Windowsill Fountain Cat.,,,,,
2026-10-07 09:00,"Mopping the sunlit hallway. One thing worth knowing about it:

It comes down to why the smell comes back after a deep clean.

The Bacillus species used hold EFSA Qualified Presumption of Safety status, and a study on trigger-spray application found minimal inhalation risk in normal use. (EFSA QPS; La Maestra et al. 2021, Toxicology Letters (PMID 34626814) — regulatory status + inhalation exposure study.)

One idea, that is all. More context on the site.

Link in bio.

#probioticcleaning #homemicrobiome #cleaningscience #nontoxichome",,https://raw.githubusercontent.com/kennlend/sanitify-social-assets/main/instagram/ig/snf-2027-01-09-cleaning-02.jpg,,cleaning,Mopping the sunlit hallway.,,,,,
2026-10-07 13:00,"Kids mid-splash water fight. Two approaches would look identical right now.

The difference shows up later, and it is about why the walls matter more than the water.

This is a cleaning agent, not a biocide — certified non-biocidal, which is precisely why it can keep living on a surface instead of burning off. (Avecom/UGent non-biocidal certificate (31/07/06); Chrisal PIP declarations — regulatory classification.)

We would rather show the honest limit of what was tested than round it up.

Link in bio.

#poolcare #hottub #biofilm #poolmaintenance",,https://raw.githubusercontent.com/kennlend/sanitify-social-assets/main/instagram/ig/snf-2027-01-10-pool-hot-tub-02.jpg,,pool-hot-tub,Kids mid-splash water fight.,,,,,
2026-10-07 16:30,"Well pump inspection at dawn. Two approaches would look identical right now.

The difference shows up later, and it is about why dosing the water misses the surface.

Bacillus spores applied to a surface are not an inert coating — they germinate into active cells over the following hours and keep working. (Vandini et al. 2014, PLOS ONE 9(9):e108598 — hospital hard surfaces (stone, wood, plastic, glass, metal).)

We would rather show the honest limit of what was tested than round it up.

Link in bio.

#watertreatment #biofilm #irrigation #farmwater",,https://raw.githubusercontent.com/kennlend/sanitify-social-assets/main/instagram/ig/snf-2027-01-11-water-purification-02.jpg,,water-purification,Well pump inspection at dawn.,,,,,
2026-10-07 20:00,"Grandfather reading by the window. Two approaches would look identical right now.

The difference shows up later, and it is about why ventilation is still the most underrated intervention.

This is a cleaning agent, not a biocide — certified non-biocidal, which is precisely why it can keep living on a surface instead of burning off. (Avecom/UGent non-biocidal certificate (31/07/06); Chrisal PIP declarations — regulatory classification.)

We would rather show the honest limit of what was tested than round it up.

Link in bio.

#indoorair #homemicrobiome #airquality #healthyhome",,https://raw.githubusercontent.com/kennlend/sanitify-social-assets/main/instagram/ig/snf-2027-01-12-air-purification-03.jpg,,air-purification,Grandfather reading by the window.,,,,,
2026-10-08 09:00,"Backyard Coop Gathering. Here is a question worth sitting with:

The honest answer runs through why troughs regrow slime days after scrubbing.

Bacillus spores applied to a surface are not an inert coating — they germinate into active cells over the following hours and keep working. (Vandini et al. 2014, PLOS ONE 9(9):e108598 — hospital hard surfaces (stone, wood, plastic, glass, metal).)

If you have watched this happen in your own place, we would like to hear it.

Link in bio.

#livestockwater #animalhusbandry #biofilm #farmlife",,https://raw.githubusercontent.com/kennlend/sanitify-social-assets/main/instagram/ig/snf-2027-01-13-animal-water-care-03.jpg,,animal-water-care,Backyard Coop Gathering.,,,,,
2026-10-08 13:00,"Wiping paw prints by the door. Here is a question worth sitting with:

The honest answer runs through what residue conventional cleaners leave behind.

An over-sterilised indoor environment is increasingly discussed as a health question in its own right, not just a cleanliness win. (an emerging area of home-microbiome research, not one single study — an open scientific conversation, not a Sanitify clinical finding.)

If you have watched this happen in your own place, we would like to hear it.

Link in bio.

#probioticcleaning #homemicrobiome #cleaningscience #nontoxichome",,https://raw.githubusercontent.com/kennlend/sanitify-social-assets/main/instagram/ig/snf-2027-01-14-cleaning-03.jpg,,cleaning,Wiping paw prints by the door.,,,,,
2026-10-08 16:30,"Mother testing pool water with a dip strip. There is a second thing happening in this picture.

The invisible half of it is what actually causes that after-swim smell.

This is a cleaning agent, not a biocide — certified non-biocidal, which is precisely why it can keep living on a surface instead of burning off. (Avecom/UGent non-biocidal certificate (31/07/06); Chrisal PIP declarations — regulatory classification.)

Most of what matters here happens after you have walked away.

Link in bio.

#poolcare #hottub #biofilm #poolmaintenance",,https://raw.githubusercontent.com/kennlend/sanitify-social-assets/main/instagram/ig/snf-2027-01-15-pool-hot-tub-03.jpg,,pool-hot-tub,Mother testing pool water with a dip strip.,,,,,
2026-10-08 20:00,"Irrigation lines at first light. There is a second thing happening in this picture.

The invisible half of it is why dosing the water misses the surface.

This is a cleaning agent, not a biocide — certified non-biocidal, which is precisely why it can keep living on a surface instead of burning off. (Avecom/UGent non-biocidal certificate (31/07/06); Chrisal PIP declarations — regulatory classification.)

Most of what matters here happens after you have walked away.

Link in bio.

#watertreatment #biofilm #irrigation #farmwater",,https://raw.githubusercontent.com/kennlend/sanitify-social-assets/main/instagram/ig/snf-2027-01-16-water-purification-03.jpg,,water-purification,Irrigation lines at first light.,,,,,
2026-10-09 09:00,"Home-office morning focus. It looks like a finished job.

What is actually going on is a process, not an event — why a home does not need to be sterile to be healthy.

This is a cleaning agent, not a biocide — certified non-biocidal, which is precisely why it can keep living on a surface instead of burning off. (Avecom/UGent non-biocidal certificate (31/07/06); Chrisal PIP declarations — regulatory classification.)

Worth remembering: a surface is never blank. Something always moves back in.

Link in bio.

#indoorair #homemicrobiome #airquality #healthyhome",,https://raw.githubusercontent.com/kennlend/sanitify-social-assets/main/instagram/ig/snf-2027-01-17-air-purification-04.jpg,,air-purification,Home-office morning focus.,,,,,
2026-10-09 13:00,"Dairy Herd at Dusk. It looks like a finished job.

What is actually going on is a process, not an event — what biofilm does to water intake.

This is a cleaning agent, not a biocide — certified non-biocidal, which is precisely why it can keep living on a surface instead of burning off. (Avecom/UGent non-biocidal certificate (31/07/06); Chrisal PIP declarations — regulatory classification.)

Worth remembering: a surface is never blank. Something always moves back in.

Link in bio.

#livestockwater #animalhusbandry #biofilm #farmlife",,https://raw.githubusercontent.com/kennlend/sanitify-social-assets/main/instagram/ig/snf-2027-01-18-animal-water-care-04.jpg,,animal-water-care,Dairy Herd at Dusk.,,,,,
2026-10-09 16:30,"Refilling the spray bottle at the sink. The usual advice here is not wrong, exactly — it is incomplete.

The part that gets left out is what residue conventional cleaners leave behind.

Continuous daily probiotic cleaning lowered surface bioburden by about 89% versus conventional cleaning. (Vandini et al. 2014, PLOS ONE 9(9):e108598 — hospital surfaces, continuous daily use over weeks.)

A better rule of thumb: ask what grows back, not just what came off.

Link in bio.

#probioticcleaning #homemicrobiome #cleaningscience #nontoxichome",,https://raw.githubusercontent.com/kennlend/sanitify-social-assets/main/instagram/ig/snf-2027-01-19-cleaning-04.jpg,,cleaning,Refilling the spray bottle at the sink.,,,,,
2026-10-09 20:00,"Couple relaxing in the hot tub at dusk. The usual advice here is not wrong, exactly — it is incomplete.

The part that gets left out is the difference between treating water and treating surfaces.

Alcohol and bleach lost their virus-reducing effect within one to two hours, while probiotic-treated surfaces were still working at 24 hours — the longest point tested. (D'Accolti et al. 2021, Viruses 13:2227 — lab, stainless steel.)

A better rule of thumb: ask what grows back, not just what came off.

Link in bio.

#poolcare #hottub #biofilm #poolmaintenance",,https://raw.githubusercontent.com/kennlend/sanitify-social-assets/main/instagram/ig/snf-2027-01-20-pool-hot-tub-04.jpg,,pool-hot-tub,Couple relaxing in the hot tub at dusk.,,,,,
2026-10-10 09:00,"Agronomist testing the channel. The usual advice here is not wrong, exactly — it is incomplete.

The part that gets left out is why dosing the water misses the surface.

This is a cleaning agent, not a biocide — certified non-biocidal, which is precisely why it can keep living on a surface instead of burning off. (Avecom/UGent non-biocidal certificate (31/07/06); Chrisal PIP declarations — regulatory classification.)

A better rule of thumb: ask what grows back, not just what came off.

Link in bio.

#watertreatment #biofilm #irrigation #farmwater",,https://raw.githubusercontent.com/kennlend/sanitify-social-assets/main/instagram/ig/snf-2027-01-21-water-purification-04.jpg,,water-purification,Agronomist testing the channel.,,,,,
2026-10-10 13:00,"Breathing easy in morning light. This is where the most common mistake happens.

The mistake is treating this as finished. It is really about why ventilation is still the most underrated intervention.

Bacillus spores applied to a surface are not an inert coating — they germinate into active cells over the following hours and keep working. (Vandini et al. 2014, PLOS ONE 9(9):e108598 — hospital hard surfaces (stone, wood, plastic, glass, metal).)

The fix is unglamorous — think about the hours after, not the minute of.

Link in bio.

#indoorair #homemicrobiome #airquality #healthyhome",,https://raw.githubusercontent.com/kennlend/sanitify-social-assets/main/instagram/ig/snf-2027-01-22-air-purification-05.jpg,,air-purification,Breathing easy in morning light.,,,,,
2026-10-10 16:30,"Stable Bucket. This is where the most common mistake happens.

The mistake is treating this as finished. It is really about why scrubbing alone resets the clock but not the outcome.

Bacillus spores applied to a surface are not an inert coating — they germinate into active cells over the following hours and keep working. (Vandini et al. 2014, PLOS ONE 9(9):e108598 — hospital hard surfaces (stone, wood, plastic, glass, metal).)

The fix is unglamorous — think about the hours after, not the minute of.

Link in bio.

#livestockwater #animalhusbandry #biofilm #farmlife",,https://raw.githubusercontent.com/kennlend/sanitify-social-assets/main/instagram/ig/snf-2027-01-23-animal-water-care-05.jpg,,animal-water-care,Stable Bucket.,,,,,
2026-10-10 20:00,"Bathroom tiles by the window. This is where the most common mistake happens.

The mistake is treating this as finished. It is really about why surfaces are never blank — something always recolonises them.

Alcohol and bleach lost their virus-reducing effect within one to two hours, while probiotic-treated surfaces were still working at 24 hours — the longest point tested. (D'Accolti et al. 2021, Viruses 13:2227 — lab, stainless steel.)

The fix is unglamorous — think about the hours after, not the minute of.

Link in bio.

#probioticcleaning #homemicrobiome #cleaningscience #nontoxichome",,https://raw.githubusercontent.com/kennlend/sanitify-social-assets/main/instagram/ig/snf-2027-01-24-cleaning-05.jpg,,cleaning,Bathroom tiles by the window.,,,,,
2026-10-11 09:00,"Skimming leaves at dawn. One thing worth knowing about it:

It comes down to biofilm on surfaces as the reason chlorine demand keeps climbing.

The same sanitation approach was associated with a 99.9% reduction in antibiotic-resistance genes on treated surfaces. (Caselli et al. 2019, Infectious Drug Resistance 12:501–510, DOI 10.2147/IDR.S194670 — hospital surfaces.)

One idea, that is all. More context on the site.

Link in bio.

#poolcare #hottub #biofilm #poolmaintenance",,https://raw.githubusercontent.com/kennlend/sanitify-social-assets/main/instagram/ig/snf-2027-01-25-pool-hot-tub-05.jpg,,pool-hot-tub,Skimming leaves at dawn.,,,,,
2026-10-11 13:00,"Greenhouse watering line. One thing worth knowing about it:

It comes down to what happens in a pipe between flushes.

The Bacillus species used hold EFSA Qualified Presumption of Safety status, and a study on trigger-spray application found minimal inhalation risk in normal use. (EFSA QPS; La Maestra et al. 2021, Toxicology Letters (PMID 34626814) — regulatory status + inhalation exposure study.)

One idea, that is all. More context on the site.

Link in bio.

#watertreatment #biofilm #irrigation #farmwater",,https://raw.githubusercontent.com/kennlend/sanitify-social-assets/main/instagram/ig/snf-2027-01-26-water-purification-05.jpg,,water-purification,Greenhouse watering line.,,,,,
2026-10-11 16:30,"Cat napping in the sunbeam. Two approaches would look identical right now.

The difference shows up later, and it is about why ventilation is still the most underrated intervention.

This is a cleaning agent, not a biocide — certified non-biocidal, which is precisely why it can keep living on a surface instead of burning off. (Avecom/UGent non-biocidal certificate (31/07/06); Chrisal PIP declarations — regulatory classification.)

We would rather show the honest limit of what was tested than round it up.

Link in bio.

#indoorair #homemicrobiome #airquality #healthyhome",,https://raw.githubusercontent.com/kennlend/sanitify-social-assets/main/instagram/ig/snf-2027-01-27-air-purification-06.jpg,,air-purification,Cat napping in the sunbeam.,,,,,
2026-10-11 20:00,"Child's Refill. Two approaches would look identical right now.

The difference shows up later, and it is about why scrubbing alone resets the clock but not the outcome.

Bacillus spores applied to a surface are not an inert coating — they germinate into active cells over the following hours and keep working. (Vandini et al. 2014, PLOS ONE 9(9):e108598 — hospital hard surfaces (stone, wood, plastic, glass, metal).)

We would rather show the honest limit of what was tested than round it up.

Link in bio.

#livestockwater #animalhusbandry #biofilm #farmlife",,https://raw.githubusercontent.com/kennlend/sanitify-social-assets/main/instagram/ig/snf-2027-01-28-animal-water-care-06.jpg,,animal-water-care,Child's Refill.,,,,,
2026-10-12 09:00,"Tidying the Nordic living room together. Two approaches would look identical right now.

The difference shows up later, and it is about why surfaces are never blank — something always recolonises them.

Bacillus spores applied to a surface are not an inert coating — they germinate into active cells over the following hours and keep working. (Vandini et al. 2014, PLOS ONE 9(9):e108598 — hospital hard surfaces (stone, wood, plastic, glass, metal).)

We would rather show the honest limit of what was tested than round it up.

Link in bio.

#probioticcleaning #homemicrobiome #cleaningscience #nontoxichome",,https://raw.githubusercontent.com/kennlend/sanitify-social-assets/main/instagram/ig/snf-2027-01-29-cleaning-06.jpg,,cleaning,Tidying the Nordic living room together.,,,,,
2026-10-12 13:00,"Family dog watching from the poolside. Here is a question worth sitting with:

The honest answer runs through why water can look clear and still be biologically busy.

Bacillus spores applied to a surface are not an inert coating — they germinate into active cells over the following hours and keep working. (Vandini et al. 2014, PLOS ONE 9(9):e108598 — hospital hard surfaces (stone, wood, plastic, glass, metal).)

If you have watched this happen in your own place, we would like to hear it.

Link in bio.

#poolcare #hottub #biofilm #poolmaintenance",,https://raw.githubusercontent.com/kennlend/sanitify-social-assets/main/instagram/ig/snf-2027-01-30-pool-hot-tub-06.jpg,,pool-hot-tub,Family dog watching from the poolside.,,,,,
2026-10-12 16:30,"Aquaculture worker among the tanks. Here is a question worth sitting with:

The honest answer runs through why dosing the water misses the surface.

Bacillus spores applied to a surface are not an inert coating — they germinate into active cells over the following hours and keep working. (Vandini et al. 2014, PLOS ONE 9(9):e108598 — hospital hard surfaces (stone, wood, plastic, glass, metal).)

If you have watched this happen in your own place, we would like to hear it.

Link in bio.

#watertreatment #biofilm #irrigation #farmwater",,https://raw.githubusercontent.com/kennlend/sanitify-social-assets/main/instagram/ig/snf-2027-01-31-water-purification-06.jpg,,water-purification,Aquaculture worker among the tanks.,,,,,
2026-10-12 20:00,"Couple unwinding in the evening. There is a second thing happening in this picture.

The invisible half of it is why indoor air differs from outdoor air microbially.

An over-sterilised indoor environment is increasingly discussed as a health question in its own right, not just a cleanliness win. (an emerging area of home-microbiome research, not one single study — an open scientific conversation, not a Sanitify clinical finding.)

Most of what matters here happens after you have walked away.

Link in bio.

#indoorair #homemicrobiome #airquality #healthyhome",,https://raw.githubusercontent.com/kennlend/sanitify-social-assets/main/instagram/ig/snf-2027-02-01-air-purification-07.jpg,,air-purification,Couple unwinding in the evening.,,,,,
2026-10-13 09:00,"Calves at the Trough. There is a second thing happening in this picture.

The invisible half of it is what to watch for between cleanings.

This is a cleaning agent, not a biocide — certified non-biocidal, which is precisely why it can keep living on a surface instead of burning off. (Avecom/UGent non-biocidal certificate (31/07/06); Chrisal PIP declarations — regulatory classification.)

Most of what matters here happens after you have walked away.

Link in bio.

#livestockwater #animalhusbandry #biofilm #farmlife",,https://raw.githubusercontent.com/kennlend/sanitify-social-assets/main/instagram/ig/snf-2027-02-02-animal-water-care-07.jpg,,animal-water-care,Calves at the Trough.,,,,,
2026-10-13 13:00,"Cleaning out the fridge. It looks like a finished job.

What is actually going on is a process, not an event — why surfaces are never blank — something always recolonises them.

Alcohol and bleach lost their virus-reducing effect within one to two hours, while probiotic-treated surfaces were still working at 24 hours — the longest point tested. (D'Accolti et al. 2021, Viruses 13:2227 — lab, stainless steel.)

Worth remembering: a surface is never blank. Something always moves back in.

Link in bio.

#probioticcleaning #homemicrobiome #cleaningscience #nontoxichome",,https://raw.githubusercontent.com/kennlend/sanitify-social-assets/main/instagram/ig/snf-2027-02-03-cleaning-07.jpg,,cleaning,Cleaning out the fridge.,,,,,
2026-10-13 16:30,"Friends lounging on deck chairs. It looks like a finished job.

What is actually going on is a process, not an event — why water can look clear and still be biologically busy.

Bacillus spores applied to a surface are not an inert coating — they germinate into active cells over the following hours and keep working. (Vandini et al. 2014, PLOS ONE 9(9):e108598 — hospital hard surfaces (stone, wood, plastic, glass, metal).)

Worth remembering: a surface is never blank. Something always moves back in.

Link in bio.

#poolcare #hottub #biofilm #poolmaintenance",,https://raw.githubusercontent.com/kennlend/sanitify-social-assets/main/instagram/ig/snf-2027-02-04-pool-hot-tub-07.jpg,,pool-hot-tub,Friends lounging on deck chairs.,,,,,
2026-10-13 20:00,"Filling water at the family tap. The usual advice here is not wrong, exactly — it is incomplete.

The part that gets left out is why dosing the water misses the surface.

This is a cleaning agent, not a biocide — certified non-biocidal, which is precisely why it can keep living on a surface instead of burning off. (Avecom/UGent non-biocidal certificate (31/07/06); Chrisal PIP declarations — regulatory classification.)

A better rule of thumb: ask what grows back, not just what came off.

Link in bio.

#watertreatment #biofilm #irrigation #farmwater",,https://raw.githubusercontent.com/kennlend/sanitify-social-assets/main/instagram/ig/snf-2027-02-05-water-purification-07.jpg,,water-purification,Filling water at the family tap.,,,,,
2026-10-14 09:00,"Opening the window on an overcast morning. The usual advice here is not wrong, exactly — it is incomplete.

The part that gets left out is why indoor air differs from outdoor air microbially.

An over-sterilised indoor environment is increasingly discussed as a health question in its own right, not just a cleanliness win. (an emerging area of home-microbiome research, not one single study — an open scientific conversation, not a Sanitify clinical finding.)

A better rule of thumb: ask what grows back, not just what came off.

Link in bio.

#indoorair #homemicrobiome #airquality #healthyhome",,https://raw.githubusercontent.com/kennlend/sanitify-social-assets/main/instagram/ig/snf-2027-02-06-air-purification-08.jpg,,air-purification,Opening the window on an overcast morning.,,,,,
2026-10-14 13:00,"Fountain Cleaning. The usual advice here is not wrong, exactly — it is incomplete.

The part that gets left out is the link between water line hygiene and herd consistency.

This is a cleaning agent, not a biocide — certified non-biocidal, which is precisely why it can keep living on a surface instead of burning off. (Avecom/UGent non-biocidal certificate (31/07/06); Chrisal PIP declarations — regulatory classification.)

A better rule of thumb: ask what grows back, not just what came off.

Link in bio.

#livestockwater #animalhusbandry #biofilm #farmlife",,https://raw.githubusercontent.com/kennlend/sanitify-social-assets/main/instagram/ig/snf-2027-02-07-animal-water-care-08.jpg,,animal-water-care,Fountain Cleaning.,,,,,
2026-10-14 16:30,"Airing out the living room. This is where the most common mistake happens.

The mistake is treating this as finished. It is really about what residue conventional cleaners leave behind.

Bacillus spores applied to a surface are not an inert coating — they germinate into active cells over the following hours and keep working. (Vandini et al. 2014, PLOS ONE 9(9):e108598 — hospital hard surfaces (stone, wood, plastic, glass, metal).)

The fix is unglamorous — think about the hours after, not the minute of.

Link in bio.

#probioticcleaning #homemicrobiome #cleaningscience #nontoxichome",,https://raw.githubusercontent.com/kennlend/sanitify-social-assets/main/instagram/ig/snf-2027-02-08-cleaning-08.jpg,,cleaning,Airing out the living room.,,,,,
2026-10-14 20:00,"Floating calmly on clear water. This is where the most common mistake happens.

The mistake is treating this as finished. It is really about biofilm on surfaces as the reason chlorine demand keeps climbing.

Bacillus spores applied to a surface are not an inert coating — they germinate into active cells over the following hours and keep working. (Vandini et al. 2014, PLOS ONE 9(9):e108598 — hospital hard surfaces (stone, wood, plastic, glass, metal).)

The fix is unglamorous — think about the hours after, not the minute of.

Link in bio.

#poolcare #hottub #biofilm #poolmaintenance",,https://raw.githubusercontent.com/kennlend/sanitify-social-assets/main/instagram/ig/snf-2027-02-09-pool-hot-tub-08.jpg,,pool-hot-tub,Floating calmly on clear water.,,,,,
2026-10-15 09:00,"Sprinklers over the crop rows. This is where the most common mistake happens.

The mistake is treating this as finished. It is really about why dosing the water misses the surface.

Bacillus spores applied to a surface are not an inert coating — they germinate into active cells over the following hours and keep working. (Vandini et al. 2014, PLOS ONE 9(9):e108598 — hospital hard surfaces (stone, wood, plastic, glass, metal).)

The fix is unglamorous — think about the hours after, not the minute of.

Link in bio.

#watertreatment #biofilm #irrigation #farmwater",,https://raw.githubusercontent.com/kennlend/sanitify-social-assets/main/instagram/ig/snf-2027-02-10-water-purification-08.jpg,,water-purification,Sprinklers over the crop rows.,,,,,
2026-10-15 13:00,"Watering the indoor plants. One thing worth knowing about it:

It comes down to why indoor air differs from outdoor air microbially.

A Tallinn school field study measured mold reduction after probiotic cleaning. (Hallitusuuring koolis.pdf (Tallinn school mold study) — one school building, field conditions.)

One idea, that is all. More context on the site.

Link in bio.

#indoorair #homemicrobiome #airquality #healthyhome",,https://raw.githubusercontent.com/kennlend/sanitify-social-assets/main/instagram/ig/snf-2027-02-11-air-purification-09.jpg,,air-purification,Watering the indoor plants.,,,,,
2026-10-15 16:30,"Bright Coop Hens. One thing worth knowing about it:

It comes down to why scrubbing alone resets the clock but not the outcome.

The Bacillus species used hold EFSA Qualified Presumption of Safety status, and a study on trigger-spray application found minimal inhalation risk in normal use. (EFSA QPS; La Maestra et al. 2021, Toxicology Letters (PMID 34626814) — regulatory status + inhalation exposure study.)

One idea, that is all. More context on the site.

Link in bio.

#livestockwater #animalhusbandry #biofilm #farmlife",,https://raw.githubusercontent.com/kennlend/sanitify-social-assets/main/instagram/ig/snf-2027-02-12-animal-water-care-09.jpg,,animal-water-care,Bright Coop Hens.,,,,,
2026-10-15 20:00,"Folding fresh laundry on the bed. Two approaches would look identical right now.

The difference shows up later, and it is about why surfaces are never blank — something always recolonises them.

Alcohol and bleach lost their virus-reducing effect within one to two hours, while probiotic-treated surfaces were still working at 24 hours — the longest point tested. (D'Accolti et al. 2021, Viruses 13:2227 — lab, stainless steel.)

We would rather show the honest limit of what was tested than round it up.

Link in bio.

#probioticcleaning #homemicrobiome #cleaningscience #nontoxichome",,https://raw.githubusercontent.com/kennlend/sanitify-social-assets/main/instagram/ig/snf-2027-02-13-cleaning-09.jpg,,cleaning,Folding fresh laundry on the bed.,,,,,
2026-10-16 09:00,"Opening the pool cover in spring. Two approaches would look identical right now.

The difference shows up later, and it is about biofilm on surfaces as the reason chlorine demand keeps climbing.

This is a cleaning agent, not a biocide — certified non-biocidal, which is precisely why it can keep living on a surface instead of burning off. (Avecom/UGent non-biocidal certificate (31/07/06); Chrisal PIP declarations — regulatory classification.)

We would rather show the honest limit of what was tested than round it up.

Link in bio.

#poolcare #hottub #biofilm #poolmaintenance",,https://raw.githubusercontent.com/kennlend/sanitify-social-assets/main/instagram/ig/snf-2027-02-14-pool-hot-tub-09.jpg,,pool-hot-tub,Opening the pool cover in spring.,,,,,
2026-10-16 13:00,"Dairy barn water line. Two approaches would look identical right now.

The difference shows up later, and it is about why dosing the water misses the surface.

Bacillus spores applied to a surface are not an inert coating — they germinate into active cells over the following hours and keep working. (Vandini et al. 2014, PLOS ONE 9(9):e108598 — hospital hard surfaces (stone, wood, plastic, glass, metal).)

We would rather show the honest limit of what was tested than round it up.

Link in bio.

#watertreatment #biofilm #irrigation #farmwater",,https://raw.githubusercontent.com/kennlend/sanitify-social-assets/main/instagram/ig/snf-2027-02-15-water-purification-09.jpg,,water-purification,Dairy barn water line.,,,,,
2026-10-16 16:30,"Toddler playing calmly on the rug. Here is a question worth sitting with:

The honest answer runs through why indoor air differs from outdoor air microbially.

An over-sterilised indoor environment is increasingly discussed as a health question in its own right, not just a cleanliness win. (an emerging area of home-microbiome research, not one single study — an open scientific conversation, not a Sanitify clinical finding.)

If you have watched this happen in your own place, we would like to hear it.

Link in bio.

#indoorair #homemicrobiome #airquality #healthyhome",,https://raw.githubusercontent.com/kennlend/sanitify-social-assets/main/instagram/ig/snf-2027-02-16-air-purification-10.jpg,,air-purification,Toddler playing calmly on the rug.,,,,,
2026-10-16 20:00,"Porch Morning. Here is a question worth sitting with:

The honest answer runs through what to watch for between cleanings.

Bacillus spores applied to a surface are not an inert coating — they germinate into active cells over the following hours and keep working. (Vandini et al. 2014, PLOS ONE 9(9):e108598 — hospital hard surfaces (stone, wood, plastic, glass, metal).)

If you have watched this happen in your own place, we would like to hear it.

Link in bio.

#livestockwater #animalhusbandry #biofilm #farmlife",,https://raw.githubusercontent.com/kennlend/sanitify-social-assets/main/instagram/ig/snf-2027-02-17-animal-water-care-10.jpg,,animal-water-care,Porch Morning.,,,,,
2026-10-17 09:00,"Grandmother and grandchild cleaning together. There is a second thing happening in this picture.

The invisible half of it is why the smell comes back after a deep clean.

This is a cleaning agent, not a biocide — certified non-biocidal, which is precisely why it can keep living on a surface instead of burning off. (Avecom/UGent non-biocidal certificate (31/07/06); Chrisal PIP declarations — regulatory classification.)

Most of what matters here happens after you have walked away.

Link in bio.

#probioticcleaning #homemicrobiome #cleaningscience #nontoxichome",,https://raw.githubusercontent.com/kennlend/sanitify-social-assets/main/instagram/ig/snf-2027-02-18-cleaning-10.jpg,,cleaning,Grandmother and grandchild cleaning together.,,,,,
2026-10-17 13:00,"Evening hot tub soak under string lights. There is a second thing happening in this picture.

The invisible half of it is why water can look clear and still be biologically busy.

This is a cleaning agent, not a biocide — certified non-biocidal, which is precisely why it can keep living on a surface instead of burning off. (Avecom/UGent non-biocidal certificate (31/07/06); Chrisal PIP declarations — regulatory classification.)

Most of what matters here happens after you have walked away.

Link in bio.

#poolcare #hottub #biofilm #poolmaintenance",,https://raw.githubusercontent.com/kennlend/sanitify-social-assets/main/instagram/ig/snf-2027-02-19-pool-hot-tub-10.jpg,,pool-hot-tub,Evening hot tub soak under string lights.,,,,,
2026-10-17 16:30,"A glass of clear water. It looks like a finished job.

What is actually going on is a process, not an event — why dosing the water misses the surface.

This is a cleaning agent, not a biocide — certified non-biocidal, which is precisely why it can keep living on a surface instead of burning off. (Avecom/UGent non-biocidal certificate (31/07/06); Chrisal PIP declarations — regulatory classification.)

Worth remembering: a surface is never blank. Something always moves back in.

Link in bio.

#watertreatment #biofilm #irrigation #farmwater",,https://raw.githubusercontent.com/kennlend/sanitify-social-assets/main/instagram/ig/snf-2027-02-20-water-purification-10.jpg,,water-purification,A glass of clear water.,,,,,
2026-10-17 20:00,"Grandmother's story time. It looks like a finished job.

What is actually going on is a process, not an event — why a home does not need to be sterile to be healthy.

This is a cleaning agent, not a biocide — certified non-biocidal, which is precisely why it can keep living on a surface instead of burning off. (Avecom/UGent non-biocidal certificate (31/07/06); Chrisal PIP declarations — regulatory classification.)

Worth remembering: a surface is never blank. Something always moves back in.

Link in bio.

#indoorair #homemicrobiome #airquality #healthyhome",,https://raw.githubusercontent.com/kennlend/sanitify-social-assets/main/instagram/ig/snf-2027-02-21-air-purification-11.jpg,,air-purification,Grandmother's story time.,,,,,
2026-10-18 09:00,"Piglets at the Trough. The usual advice here is not wrong, exactly — it is incomplete.

The part that gets left out is the link between water line hygiene and herd consistency.

This is a cleaning agent, not a biocide — certified non-biocidal, which is precisely why it can keep living on a surface instead of burning off. (Avecom/UGent non-biocidal certificate (31/07/06); Chrisal PIP declarations — regulatory classification.)

A better rule of thumb: ask what grows back, not just what came off.

Link in bio.

#livestockwater #animalhusbandry #biofilm #farmlife",,https://raw.githubusercontent.com/kennlend/sanitify-social-assets/main/instagram/ig/snf-2027-02-22-animal-water-care-11.jpg,,animal-water-care,Piglets at the Trough.,,,,,
2026-10-18 13:00,"Wiping the high chair after lunch. The usual advice here is not wrong, exactly — it is incomplete.

The part that gets left out is why 'more powerful' is not the same as 'cleaner for longer'.

An over-sterilised indoor environment is increasingly discussed as a health question in its own right, not just a cleanliness win. (an emerging area of home-microbiome research, not one single study — an open scientific conversation, not a Sanitify clinical finding.)

A better rule of thumb: ask what grows back, not just what came off.

Link in bio.

#probioticcleaning #homemicrobiome #cleaningscience #nontoxichome",,https://raw.githubusercontent.com/kennlend/sanitify-social-assets/main/instagram/ig/snf-2027-02-23-cleaning-11.jpg,,cleaning,Wiping the high chair after lunch.,,,,,
2026-10-18 16:30,"Grandfather and grandson cannonball. The usual advice here is not wrong, exactly — it is incomplete.

The part that gets left out is biofilm on surfaces as the reason chlorine demand keeps climbing.

Alcohol and bleach lost their virus-reducing effect within one to two hours, while probiotic-treated surfaces were still working at 24 hours — the longest point tested. (D'Accolti et al. 2021, Viruses 13:2227 — lab, stainless steel.)

A better rule of thumb: ask what grows back, not just what came off.

Link in bio.

#poolcare #hottub #biofilm #poolmaintenance",,https://raw.githubusercontent.com/kennlend/sanitify-social-assets/main/instagram/ig/snf-2027-02-24-pool-hot-tub-11.jpg,,pool-hot-tub,Grandfather and grandson cannonball.,,,,,
2026-10-18 20:00,"Evening trough refill. This is where the most common mistake happens.

The mistake is treating this as finished. It is really about why dosing the water misses the surface.

Bacillus spores applied to a surface are not an inert coating — they germinate into active cells over the following hours and keep working. (Vandini et al. 2014, PLOS ONE 9(9):e108598 — hospital hard surfaces (stone, wood, plastic, glass, metal).)

The fix is unglamorous — think about the hours after, not the minute of.

Link in bio.

#watertreatment #biofilm #irrigation #farmwater",,https://raw.githubusercontent.com/kennlend/sanitify-social-assets/main/instagram/ig/snf-2027-02-25-water-purification-11.jpg,,water-purification,Evening trough refill.,,,,,
2026-10-19 09:00,"Teenager studying with fresh focus. This is where the most common mistake happens.

The mistake is treating this as finished. It is really about what humidity does to what grows indoors.

Bacillus spores applied to a surface are not an inert coating — they germinate into active cells over the following hours and keep working. (Vandini et al. 2014, PLOS ONE 9(9):e108598 — hospital hard surfaces (stone, wood, plastic, glass, metal).)

The fix is unglamorous — think about the hours after, not the minute of.

Link in bio.

#indoorair #homemicrobiome #airquality #healthyhome",,https://raw.githubusercontent.com/kennlend/sanitify-social-assets/main/instagram/ig/snf-2027-02-26-air-purification-12.jpg,,air-purification,Teenager studying with fresh focus.,,,,,
2026-10-19 13:00,"Kennel Row. This is where the most common mistake happens.

The mistake is treating this as finished. It is really about why scrubbing alone resets the clock but not the outcome.

Bacillus spores applied to a surface are not an inert coating — they germinate into active cells over the following hours and keep working. (Vandini et al. 2014, PLOS ONE 9(9):e108598 — hospital hard surfaces (stone, wood, plastic, glass, metal).)

The fix is unglamorous — think about the hours after, not the minute of.

Link in bio.

#livestockwater #animalhusbandry #biofilm #farmlife",,https://raw.githubusercontent.com/kennlend/sanitify-social-assets/main/instagram/ig/snf-2027-02-27-animal-water-care-12.jpg,,animal-water-care,Kennel Row.,,,,,
2026-10-19 16:30,"Tidying the cat's corner. One thing worth knowing about it:

It comes down to what residue conventional cleaners leave behind.

Continuous daily probiotic cleaning lowered surface bioburden by about 89% versus conventional cleaning. (Vandini et al. 2014, PLOS ONE 9(9):e108598 — hospital surfaces, continuous daily use over weeks.)

One idea, that is all. More context on the site.

Link in bio.

#probioticcleaning #homemicrobiome #cleaningscience #nontoxichome",,https://raw.githubusercontent.com/kennlend/sanitify-social-assets/main/instagram/ig/snf-2027-02-28-cleaning-12.jpg,,cleaning,Tidying the cat's corner.,,,,,
2026-10-19 20:00,"Reading poolside on a lounger. One thing worth knowing about it:

It comes down to why water can look clear and still be biologically busy.

The Bacillus species used hold EFSA Qualified Presumption of Safety status, and a study on trigger-spray application found minimal inhalation risk in normal use. (EFSA QPS; La Maestra et al. 2021, Toxicology Letters (PMID 34626814) — regulatory status + inhalation exposure study.)

One idea, that is all. More context on the site.

Link in bio.

#poolcare #hottub #biofilm #poolmaintenance",,https://raw.githubusercontent.com/kennlend/sanitify-social-assets/main/instagram/ig/snf-2027-03-01-pool-hot-tub-12.jpg,,pool-hot-tub,Reading poolside on a lounger.,,,,,
2026-10-20 09:00,"Checking the well flow meter. Two approaches would look identical right now.

The difference shows up later, and it is about why dosing the water misses the surface.

This is a cleaning agent, not a biocide — certified non-biocidal, which is precisely why it can keep living on a surface instead of burning off. (Avecom/UGent non-biocidal certificate (31/07/06); Chrisal PIP declarations — regulatory classification.)

We would rather show the honest limit of what was tested than round it up.

Link in bio.

#watertreatment #biofilm #irrigation #farmwater",,https://raw.githubusercontent.com/kennlend/sanitify-social-assets/main/instagram/ig/snf-2027-03-02-water-purification-12.jpg,,water-purification,Checking the well flow meter.,,,,,
2026-10-20 13:00,"Dog resting in the afternoon glow. Two approaches would look identical right now.

The difference shows up later, and it is about dust as a habitat rather than a nuisance.

This is a cleaning agent, not a biocide — certified non-biocidal, which is precisely why it can keep living on a surface instead of burning off. (Avecom/UGent non-biocidal certificate (31/07/06); Chrisal PIP declarations — regulatory classification.)

We would rather show the honest limit of what was tested than round it up.

Link in bio.

#indoorair #homemicrobiome #airquality #healthyhome",,https://raw.githubusercontent.com/kennlend/sanitify-social-assets/main/instagram/ig/snf-2027-03-03-air-purification-13.jpg,,air-purification,Dog resting in the afternoon glow.,,,,,
2026-10-20 16:30,"Aquarium Close-up. Two approaches would look identical right now.

The difference shows up later, and it is about what to watch for between cleanings.

Bacillus spores applied to a surface are not an inert coating — they germinate into active cells over the following hours and keep working. (Vandini et al. 2014, PLOS ONE 9(9):e108598 — hospital hard surfaces (stone, wood, plastic, glass, metal).)

We would rather show the honest limit of what was tested than round it up.

Link in bio.

#livestockwater #animalhusbandry #biofilm #farmlife",,https://raw.githubusercontent.com/kennlend/sanitify-social-assets/main/instagram/ig/snf-2027-03-04-animal-water-care-13.jpg,,animal-water-care,Aquarium Close-up.,,,,,
2026-10-20 20:00,"Vacuuming while the dog watches. Here is a question worth sitting with:

The honest answer runs through the difference between removing soil and changing what grows.

An over-sterilised indoor environment is increasingly discussed as a health question in its own right, not just a cleanliness win. (an emerging area of home-microbiome research, not one single study — an open scientific conversation, not a Sanitify clinical finding.)

If you have watched this happen in your own place, we would like to hear it.

Link in bio.

#probioticcleaning #homemicrobiome #cleaningscience #nontoxichome",,https://raw.githubusercontent.com/kennlend/sanitify-social-assets/main/instagram/ig/snf-2027-03-05-cleaning-13.jpg,,cleaning,Vacuuming while the dog watches.,,,,,
2026-10-21 09:00,"Teenage boy mid-dive. Here is a question worth sitting with:

The honest answer runs through the difference between treating water and treating surfaces.

Bacillus spores applied to a surface are not an inert coating — they germinate into active cells over the following hours and keep working. (Vandini et al. 2014, PLOS ONE 9(9):e108598 — hospital hard surfaces (stone, wood, plastic, glass, metal).)

If you have watched this happen in your own place, we would like to hear it.

Link in bio.

#poolcare #hottub #biofilm #poolmaintenance",,https://raw.githubusercontent.com/kennlend/sanitify-social-assets/main/instagram/ig/snf-2027-03-06-pool-hot-tub-13.jpg,,pool-hot-tub,Teenage boy mid-dive.,,,,,
2026-10-21 13:00,"Vineyard drip line check. There is a second thing happening in this picture.

The invisible half of it is why dosing the water misses the surface.

This is a cleaning agent, not a biocide — certified non-biocidal, which is precisely why it can keep living on a surface instead of burning off. (Avecom/UGent non-biocidal certificate (31/07/06); Chrisal PIP declarations — regulatory classification.)

Most of what matters here happens after you have walked away.

Link in bio.

#watertreatment #biofilm #irrigation #farmwater",,https://raw.githubusercontent.com/kennlend/sanitify-social-assets/main/instagram/ig/snf-2027-03-07-water-purification-13.jpg,,water-purification,Vineyard drip line check.,,,,,
2026-10-21 16:30,"Expecting mother resting before the nursery is ready. There is a second thing happening in this picture.

The invisible half of it is why a home does not need to be sterile to be healthy.

This is a cleaning agent, not a biocide — certified non-biocidal, which is precisely why it can keep living on a surface instead of burning off. (Avecom/UGent non-biocidal certificate (31/07/06); Chrisal PIP declarations — regulatory classification.)

Most of what matters here happens after you have walked away.

Link in bio.

#indoorair #homemicrobiome #airquality #healthyhome",,https://raw.githubusercontent.com/kennlend/sanitify-social-assets/main/instagram/ig/snf-2027-03-08-air-purification-14.jpg,,air-purification,Expecting mother resting before the nursery is ready.,,,,,
2026-10-21 20:00,"Goat Pasture. It looks like a finished job.

What is actually going on is a process, not an event — why scrubbing alone resets the clock but not the outcome.

This is a cleaning agent, not a biocide — certified non-biocidal, which is precisely why it can keep living on a surface instead of burning off. (Avecom/UGent non-biocidal certificate (31/07/06); Chrisal PIP declarations — regulatory classification.)

Worth remembering: a surface is never blank. Something always moves back in.

Link in bio.

#livestockwater #animalhusbandry #biofilm #farmlife",,https://raw.githubusercontent.com/kennlend/sanitify-social-assets/main/instagram/ig/snf-2027-03-09-animal-water-care-14.jpg,,animal-water-care,Goat Pasture.,,,,,
2026-10-22 09:00,"Morning mirror wipe-down. It looks like a finished job.

What is actually going on is a process, not an event — why surfaces are never blank — something always recolonises them.

Alcohol and bleach lost their virus-reducing effect within one to two hours, while probiotic-treated surfaces were still working at 24 hours — the longest point tested. (D'Accolti et al. 2021, Viruses 13:2227 — lab, stainless steel.)

Worth remembering: a surface is never blank. Something always moves back in.

Link in bio.

#probioticcleaning #homemicrobiome #cleaningscience #nontoxichome",,https://raw.githubusercontent.com/kennlend/sanitify-social-assets/main/instagram/ig/snf-2027-03-10-cleaning-14.jpg,,cleaning,Morning mirror wipe-down.,,,,,
2026-10-22 13:00,"Applying sunscreen poolside. The usual advice here is not wrong, exactly — it is incomplete.

The part that gets left out is why the walls matter more than the water.

This is a cleaning agent, not a biocide — certified non-biocidal, which is precisely why it can keep living on a surface instead of burning off. (Avecom/UGent non-biocidal certificate (31/07/06); Chrisal PIP declarations — regulatory classification.)

A better rule of thumb: ask what grows back, not just what came off.

Link in bio.

#poolcare #hottub #biofilm #poolmaintenance",,https://raw.githubusercontent.com/kennlend/sanitify-social-assets/main/instagram/ig/snf-2027-03-11-pool-hot-tub-14.jpg,,pool-hot-tub,Applying sunscreen poolside.,,,,,
2026-10-22 16:30,"Net pens on the lake. The usual advice here is not wrong, exactly — it is incomplete.

The part that gets left out is why dosing the water misses the surface.

This is a cleaning agent, not a biocide — certified non-biocidal, which is precisely why it can keep living on a surface instead of burning off. (Avecom/UGent non-biocidal certificate (31/07/06); Chrisal PIP declarations — regulatory classification.)

A better rule of thumb: ask what grows back, not just what came off.

Link in bio.

#watertreatment #biofilm #irrigation #farmwater",,https://raw.githubusercontent.com/kennlend/sanitify-social-assets/main/instagram/ig/snf-2027-03-12-water-purification-14.jpg,,water-purification,Net pens on the lake.,,,,,
2026-10-22 20:00,"Morning stretch among the plants. The usual advice here is not wrong, exactly — it is incomplete.

The part that gets left out is why indoor air differs from outdoor air microbially.

An over-sterilised indoor environment is increasingly discussed as a health question in its own right, not just a cleanliness win. (an emerging area of home-microbiome research, not one single study — an open scientific conversation, not a Sanitify clinical finding.)

A better rule of thumb: ask what grows back, not just what came off.

Link in bio.

#indoorair #homemicrobiome #airquality #healthyhome",,https://raw.githubusercontent.com/kennlend/sanitify-social-assets/main/instagram/ig/snf-2027-03-13-air-purification-15.jpg,,air-purification,Morning stretch among the plants.,,,,,
2026-10-23 09:00,"Sheep at Feeder. This is where the most common mistake happens.

The mistake is treating this as finished. It is really about why troughs regrow slime days after scrubbing.

Bacillus spores applied to a surface are not an inert coating — they germinate into active cells over the following hours and keep working. (Vandini et al. 2014, PLOS ONE 9(9):e108598 — hospital hard surfaces (stone, wood, plastic, glass, metal).)

The fix is unglamorous — think about the hours after, not the minute of.

Link in bio.

#livestockwater #animalhusbandry #biofilm #farmlife",,https://raw.githubusercontent.com/kennlend/sanitify-social-assets/main/instagram/ig/snf-2027-03-14-animal-water-care-15.jpg,,animal-water-care,Sheep at Feeder.,,,,,
2026-10-23 13:00,"Cleaning the sunroom windows. This is where the most common mistake happens.

The mistake is treating this as finished. It is really about why surfaces are never blank — something always recolonises them.

Alcohol and bleach lost their virus-reducing effect within one to two hours, while probiotic-treated surfaces were still working at 24 hours — the longest point tested. (D'Accolti et al. 2021, Viruses 13:2227 — lab, stainless steel.)

The fix is unglamorous — think about the hours after, not the minute of.

Link in bio.

#probioticcleaning #homemicrobiome #cleaningscience #nontoxichome",,https://raw.githubusercontent.com/kennlend/sanitify-social-assets/main/instagram/ig/snf-2027-03-15-cleaning-15.jpg,,cleaning,Cleaning the sunroom windows.,,,,,
2026-10-23 16:30,"Testing hot tub water at dusk. This is where the most common mistake happens.

The mistake is treating this as finished. It is really about biofilm on surfaces as the reason chlorine demand keeps climbing.

Bacillus spores applied to a surface are not an inert coating — they germinate into active cells over the following hours and keep working. (Vandini et al. 2014, PLOS ONE 9(9):e108598 — hospital hard surfaces (stone, wood, plastic, glass, metal).)

The fix is unglamorous — think about the hours after, not the minute of.

Link in bio.

#poolcare #hottub #biofilm #poolmaintenance",,https://raw.githubusercontent.com/kennlend/sanitify-social-assets/main/instagram/ig/snf-2027-03-16-pool-hot-tub-15.jpg,,pool-hot-tub,Testing hot tub water at dusk.,,,,,
2026-10-23 20:00,"Testing the pond by hand. One thing worth knowing about it:

It comes down to what happens in a pipe between flushes.

The Bacillus species used hold EFSA Qualified Presumption of Safety status, and a study on trigger-spray application found minimal inhalation risk in normal use. (EFSA QPS; La Maestra et al. 2021, Toxicology Letters (PMID 34626814) — regulatory status + inhalation exposure study.)

One idea, that is all. More context on the site.

Link in bio.

#watertreatment #biofilm #irrigation #farmwater",,https://raw.githubusercontent.com/kennlend/sanitify-social-assets/main/instagram/ig/snf-2027-03-17-water-purification-15.jpg,,water-purification,Testing the pond by hand.,,,,,
2026-10-24 09:00,"Folding laundry in soft morning light. One thing worth knowing about it:

It comes down to why indoor air differs from outdoor air microbially.

A Tallinn school field study measured mold reduction after probiotic cleaning. (Hallitusuuring koolis.pdf (Tallinn school mold study) — one school building, field conditions.)

One idea, that is all. More context on the site.

Link in bio.

#indoorair #homemicrobiome #airquality #healthyhome",,https://raw.githubusercontent.com/kennlend/sanitify-social-assets/main/instagram/ig/snf-2027-03-18-air-purification-16.jpg,,air-purification,Folding laundry in soft morning light.,,,,,
2026-10-24 13:00,"Rabbit Hutch. Two approaches would look identical right now.

The difference shows up later, and it is about why troughs regrow slime days after scrubbing.

This is a cleaning agent, not a biocide — certified non-biocidal, which is precisely why it can keep living on a surface instead of burning off. (Avecom/UGent non-biocidal certificate (31/07/06); Chrisal PIP declarations — regulatory classification.)

We would rather show the honest limit of what was tested than round it up.

Link in bio.

#livestockwater #animalhusbandry #biofilm #farmlife",,https://raw.githubusercontent.com/kennlend/sanitify-social-assets/main/instagram/ig/snf-2027-03-19-animal-water-care-16.jpg,,animal-water-care,Rabbit Hutch.,,,,,
2026-10-24 16:30,"Wiping the table after breakfast. Two approaches would look identical right now.

The difference shows up later, and it is about why the smell comes back after a deep clean.

This is a cleaning agent, not a biocide — certified non-biocidal, which is precisely why it can keep living on a surface instead of burning off. (Avecom/UGent non-biocidal certificate (31/07/06); Chrisal PIP declarations — regulatory classification.)

We would rather show the honest limit of what was tested than round it up.

Link in bio.

#probioticcleaning #homemicrobiome #cleaningscience #nontoxichome",,https://raw.githubusercontent.com/kennlend/sanitify-social-assets/main/instagram/ig/snf-2027-03-20-cleaning-16.jpg,,cleaning,Wiping the table after breakfast.,,,,,
2026-10-24 20:00,"Friends chatting in the hot tub. Two approaches would look identical right now.

The difference shows up later, and it is about biofilm on surfaces as the reason chlorine demand keeps climbing.

Alcohol and bleach lost their virus-reducing effect within one to two hours, while probiotic-treated surfaces were still working at 24 hours — the longest point tested. (D'Accolti et al. 2021, Viruses 13:2227 — lab, stainless steel.)

We would rather show the honest limit of what was tested than round it up.

Link in bio.

#poolcare #hottub #biofilm #poolmaintenance",,https://raw.githubusercontent.com/kennlend/sanitify-social-assets/main/instagram/ig/snf-2027-03-21-pool-hot-tub-16.jpg,,pool-hot-tub,Friends chatting in the hot tub.,,,,,
2026-10-25 09:00,"Adjusting the sprinkler head. Here is a question worth sitting with:

The honest answer runs through why dosing the water misses the surface.

Bacillus spores applied to a surface are not an inert coating — they germinate into active cells over the following hours and keep working. (Vandini et al. 2014, PLOS ONE 9(9):e108598 — hospital hard surfaces (stone, wood, plastic, glass, metal).)

If you have watched this happen in your own place, we would like to hear it.

Link in bio.

#watertreatment #biofilm #irrigation #farmwater",,https://raw.githubusercontent.com/kennlend/sanitify-social-assets/main/instagram/ig/snf-2027-03-22-water-purification-16.jpg,,water-purification,Adjusting the sprinkler head.,,,,,
2026-10-25 13:00,"Baby asleep beneath a soft mobile. Here is a question worth sitting with:

The honest answer runs through why indoor air differs from outdoor air microbially.

An over-sterilised indoor environment is increasingly discussed as a health question in its own right, not just a cleanliness win. (an emerging area of home-microbiome research, not one single study — an open scientific conversation, not a Sanitify clinical finding.)

If you have watched this happen in your own place, we would like to hear it.

Link in bio.

#indoorair #homemicrobiome #airquality #healthyhome",,https://raw.githubusercontent.com/kennlend/sanitify-social-assets/main/instagram/ig/snf-2027-03-23-air-purification-17.jpg,,air-purification,Baby asleep beneath a soft mobile.,,,,,
2026-10-25 16:30,"Duck Pond Edge. There is a second thing happening in this picture.

The invisible half of it is why troughs regrow slime days after scrubbing.

This is a cleaning agent, not a biocide — certified non-biocidal, which is precisely why it can keep living on a surface instead of burning off. (Avecom/UGent non-biocidal certificate (31/07/06); Chrisal PIP declarations — regulatory classification.)

Most of what matters here happens after you have walked away.

Link in bio.

#livestockwater #animalhusbandry #biofilm #farmlife",,https://raw.githubusercontent.com/kennlend/sanitify-social-assets/main/instagram/ig/snf-2027-03-24-animal-water-care-17.jpg,,animal-water-care,Duck Pond Edge.,,,,,
2026-10-25 20:00,"Dusting the home office shelves. There is a second thing happening in this picture.

The invisible half of it is why surfaces are never blank — something always recolonises them.

This is a cleaning agent, not a biocide — certified non-biocidal, which is precisely why it can keep living on a surface instead of burning off. (Avecom/UGent non-biocidal certificate (31/07/06); Chrisal PIP declarations — regulatory classification.)

Most of what matters here happens after you have walked away.

Link in bio.

#probioticcleaning #homemicrobiome #cleaningscience #nontoxichome",,https://raw.githubusercontent.com/kennlend/sanitify-social-assets/main/instagram/ig/snf-2027-03-25-cleaning-17.jpg,,cleaning,Dusting the home office shelves.,,,,,
2026-10-26 09:00,"Toddler with arm floats in the shallow end. It looks like a finished job.

What is actually going on is a process, not an event — biofilm on surfaces as the reason chlorine demand keeps climbing.

Alcohol and bleach lost their virus-reducing effect within one to two hours, while probiotic-treated surfaces were still working at 24 hours — the longest point tested. (D'Accolti et al. 2021, Viruses 13:2227 — lab, stainless steel.)

Worth remembering: a surface is never blank. Something always moves back in.

Link in bio.

#poolcare #hottub #biofilm #poolmaintenance",,https://raw.githubusercontent.com/kennlend/sanitify-social-assets/main/instagram/ig/snf-2027-03-26-pool-hot-tub-17.jpg,,pool-hot-tub,Toddler with arm floats in the shallow end.,,,,,
2026-10-26 13:00,"Drawing water from the old well. It looks like a finished job.

What is actually going on is a process, not an event — why dosing the water misses the surface.

Bacillus spores applied to a surface are not an inert coating — they germinate into active cells over the following hours and keep working. (Vandini et al. 2014, PLOS ONE 9(9):e108598 — hospital hard surfaces (stone, wood, plastic, glass, metal).)

Worth remembering: a surface is never blank. Something always moves back in.

Link in bio.

#watertreatment #biofilm #irrigation #farmwater",,https://raw.githubusercontent.com/kennlend/sanitify-social-assets/main/instagram/ig/snf-2027-03-27-water-purification-17.jpg,,water-purification,Drawing water from the old well.,,,,,
2026-10-26 16:30,"Breakfast by the kitchen window. The usual advice here is not wrong, exactly — it is incomplete.

The part that gets left out is why indoor air differs from outdoor air microbially.

An over-sterilised indoor environment is increasingly discussed as a health question in its own right, not just a cleanliness win. (an emerging area of home-microbiome research, not one single study — an open scientific conversation, not a Sanitify clinical finding.)

A better rule of thumb: ask what grows back, not just what came off.

Link in bio.

#indoorair #homemicrobiome #airquality #healthyhome",,https://raw.githubusercontent.com/kennlend/sanitify-social-assets/main/instagram/ig/snf-2027-03-28-air-purification-18.jpg,,air-purification,Breakfast by the kitchen window.,,,,,
2026-10-26 20:00,"Foal and Mare. The usual advice here is not wrong, exactly — it is incomplete.

The part that gets left out is why troughs regrow slime days after scrubbing.

This is a cleaning agent, not a biocide — certified non-biocidal, which is precisely why it can keep living on a surface instead of burning off. (Avecom/UGent non-biocidal certificate (31/07/06); Chrisal PIP declarations — regulatory classification.)

A better rule of thumb: ask what grows back, not just what came off.

Link in bio.

#livestockwater #animalhusbandry #biofilm #farmlife",,https://raw.githubusercontent.com/kennlend/sanitify-social-assets/main/instagram/ig/snf-2027-03-29-animal-water-care-18.jpg,,animal-water-care,Foal and Mare.,,,,,
2026-10-27 09:00,"Drying the entryway after a wet dog. The usual advice here is not wrong, exactly — it is incomplete.

The part that gets left out is what residue conventional cleaners leave behind.

Continuous daily probiotic cleaning lowered surface bioburden by about 89% versus conventional cleaning. (Vandini et al. 2014, PLOS ONE 9(9):e108598 — hospital surfaces, continuous daily use over weeks.)

A better rule of thumb: ask what grows back, not just what came off.

Link in bio.

#probioticcleaning #homemicrobiome #cleaningscience #nontoxichome",,https://raw.githubusercontent.com/kennlend/sanitify-social-assets/main/instagram/ig/snf-2027-03-30-cleaning-18.jpg,,cleaning,Drying the entryway after a wet dog.,,,,,
2026-10-27 13:00,"Elderly couple with morning coffee on the pool steps. This is where the most common mistake happens.

The mistake is treating this as finished. It is really about why water can look clear and still be biologically busy.

Bacillus spores applied to a surface are not an inert coating — they germinate into active cells over the following hours and keep working. (Vandini et al. 2014, PLOS ONE 9(9):e108598 — hospital hard surfaces (stone, wood, plastic, glass, metal).)

The fix is unglamorous — think about the hours after, not the minute of.

Link in bio.

#poolcare #hottub #biofilm #poolmaintenance",,https://raw.githubusercontent.com/kennlend/sanitify-social-assets/main/instagram/ig/snf-2027-03-31-pool-hot-tub-18.jpg,,pool-hot-tub,Elderly couple with morning coffee on the pool steps.,,,,,
2026-10-27 16:30,"Notes by the irrigation channel. This is where the most common mistake happens.

The mistake is treating this as finished. It is really about why dosing the water misses the surface.

Bacillus spores applied to a surface are not an inert coating — they germinate into active cells over the following hours and keep working. (Vandini et al. 2014, PLOS ONE 9(9):e108598 — hospital hard surfaces (stone, wood, plastic, glass, metal).)

The fix is unglamorous — think about the hours after, not the minute of.

Link in bio.

#watertreatment #biofilm #irrigation #farmwater",,https://raw.githubusercontent.com/kennlend/sanitify-social-assets/main/instagram/ig/snf-2027-04-01-water-purification-18.jpg,,water-purification,Notes by the irrigation channel.,,,,,
2026-10-27 20:00,"Knitting by the window with the cat. This is where the most common mistake happens.

The mistake is treating this as finished. It is really about why indoor air differs from outdoor air microbially.

Alcohol and bleach lost their virus-reducing effect within one to two hours, while probiotic-treated surfaces were still working at 24 hours — the longest point tested. (D'Accolti et al. 2021, Viruses 13:2227 — lab, stainless steel.)

The fix is unglamorous — think about the hours after, not the minute of.

Link in bio.

#indoorair #homemicrobiome #airquality #healthyhome",,https://raw.githubusercontent.com/kennlend/sanitify-social-assets/main/instagram/ig/snf-2027-04-02-air-purification-19.jpg,,air-purification,Knitting by the window with the cat.,,,,,
2026-10-28 09:00,"Geese at Water's Edge. One thing worth knowing about it:

It comes down to why scrubbing alone resets the clock but not the outcome.

The Bacillus species used hold EFSA Qualified Presumption of Safety status, and a study on trigger-spray application found minimal inhalation risk in normal use. (EFSA QPS; La Maestra et al. 2021, Toxicology Letters (PMID 34626814) — regulatory status + inhalation exposure study.)

One idea, that is all. More context on the site.

Link in bio.

#livestockwater #animalhusbandry #biofilm #farmlife",,https://raw.githubusercontent.com/kennlend/sanitify-social-assets/main/instagram/ig/snf-2027-04-03-animal-water-care-19.jpg,,animal-water-care,Geese at Water's Edge.,,,,,
2026-10-28 13:00,"Sweeping the kitchen floor at dawn. One thing worth knowing about it:

It comes down to what residue conventional cleaners leave behind.

The Bacillus species used hold EFSA Qualified Presumption of Safety status, and a study on trigger-spray application found minimal inhalation risk in normal use. (EFSA QPS; La Maestra et al. 2021, Toxicology Letters (PMID 34626814) — regulatory status + inhalation exposure study.)

One idea, that is all. More context on the site.

Link in bio.

#probioticcleaning #homemicrobiome #cleaningscience #nontoxichome",,https://raw.githubusercontent.com/kennlend/sanitify-social-assets/main/instagram/ig/snf-2027-04-04-cleaning-19.jpg,,cleaning,Sweeping the kitchen floor at dawn.,,,,,
2026-10-28 16:30,"Sunrise yoga on the pool deck. Two approaches would look identical right now.

The difference shows up later, and it is about what actually causes that after-swim smell.

This is a cleaning agent, not a biocide — certified non-biocidal, which is precisely why it can keep living on a surface instead of burning off. (Avecom/UGent non-biocidal certificate (31/07/06); Chrisal PIP declarations — regulatory classification.)

We would rather show the honest limit of what was tested than round it up.

Link in bio.

#poolcare #hottub #biofilm #poolmaintenance",,https://raw.githubusercontent.com/kennlend/sanitify-social-assets/main/instagram/ig/snf-2027-04-05-pool-hot-tub-19.jpg,,pool-hot-tub,Sunrise yoga on the pool deck.,,,,,
2026-10-28 20:00,"Checking the tank aerator. Two approaches would look identical right now.

The difference shows up later, and it is about why dosing the water misses the surface.

This is a cleaning agent, not a biocide — certified non-biocidal, which is precisely why it can keep living on a surface instead of burning off. (Avecom/UGent non-biocidal certificate (31/07/06); Chrisal PIP declarations — regulatory classification.)

We would rather show the honest limit of what was tested than round it up.

Link in bio.

#watertreatment #biofilm #irrigation #farmwater",,https://raw.githubusercontent.com/kennlend/sanitify-social-assets/main/instagram/ig/snf-2027-04-06-water-purification-19.jpg,,water-purification,Checking the tank aerator.,,,,,
2026-10-29 09:00,"Working from a Nordic loft. Two approaches would look identical right now.

The difference shows up later, and it is about dust as a habitat rather than a nuisance.

This is a cleaning agent, not a biocide — certified non-biocidal, which is precisely why it can keep living on a surface instead of burning off. (Avecom/UGent non-biocidal certificate (31/07/06); Chrisal PIP declarations — regulatory classification.)

We would rather show the honest limit of what was tested than round it up.

Link in bio.

#indoorair #homemicrobiome #airquality #healthyhome",,https://raw.githubusercontent.com/kennlend/sanitify-social-assets/main/instagram/ig/snf-2027-04-07-air-purification-20.jpg,,air-purification,Working from a Nordic loft.,,,,,
2026-10-29 13:00,"Lambs at Trough. Here is a question worth sitting with:

The honest answer runs through what biofilm does to water intake.

Bacillus spores applied to a surface are not an inert coating — they germinate into active cells over the following hours and keep working. (Vandini et al. 2014, PLOS ONE 9(9):e108598 — hospital hard surfaces (stone, wood, plastic, glass, metal).)

If you have watched this happen in your own place, we would like to hear it.

Link in bio.

#livestockwater #animalhusbandry #biofilm #farmlife",,https://raw.githubusercontent.com/kennlend/sanitify-social-assets/main/instagram/ig/snf-2027-04-08-animal-water-care-20.jpg,,animal-water-care,Lambs at Trough.,,,,,
2026-10-29 16:30,"Wiping the tub after bath time. Here is a question worth sitting with:

The honest answer runs through why the smell comes back after a deep clean.

An over-sterilised indoor environment is increasingly discussed as a health question in its own right, not just a cleanliness win. (an emerging area of home-microbiome research, not one single study — an open scientific conversation, not a Sanitify clinical finding.)

If you have watched this happen in your own place, we would like to hear it.

Link in bio.

#probioticcleaning #homemicrobiome #cleaningscience #nontoxichome",,https://raw.githubusercontent.com/kennlend/sanitify-social-assets/main/instagram/ig/snf-2027-04-09-cleaning-20.jpg,,cleaning,Wiping the tub after bath time.,,,,,
2026-10-29 20:00,"Family barbecue beside the pool at golden hour. There is a second thing happening in this picture.

The invisible half of it is why water can look clear and still be biologically busy.

This is a cleaning agent, not a biocide — certified non-biocidal, which is precisely why it can keep living on a surface instead of burning off. (Avecom/UGent non-biocidal certificate (31/07/06); Chrisal PIP declarations — regulatory classification.)

Most of what matters here happens after you have walked away.

Link in bio.

#poolcare #hottub #biofilm #poolmaintenance",,https://raw.githubusercontent.com/kennlend/sanitify-social-assets/main/instagram/ig/snf-2027-04-10-pool-hot-tub-20.jpg,,pool-hot-tub,Family barbecue beside the pool at golden hour.,,,,,
2026-10-30 09:00,"Shepherd at the sheep trough. There is a second thing happening in this picture.

The invisible half of it is why dosing the water misses the surface.

This is a cleaning agent, not a biocide — certified non-biocidal, which is precisely why it can keep living on a surface instead of burning off. (Avecom/UGent non-biocidal certificate (31/07/06); Chrisal PIP declarations — regulatory classification.)

Most of what matters here happens after you have walked away.

Link in bio.

#watertreatment #biofilm #irrigation #farmwater",,https://raw.githubusercontent.com/kennlend/sanitify-social-assets/main/instagram/ig/snf-2027-04-11-water-purification-20.jpg,,water-purification,Shepherd at the sheep trough.,,,,,
2026-10-30 13:00,"Rocking chair at dusk. It looks like a finished job.

What is actually going on is a process, not an event — why a home does not need to be sterile to be healthy.

This is a cleaning agent, not a biocide — certified non-biocidal, which is precisely why it can keep living on a surface instead of burning off. (Avecom/UGent non-biocidal certificate (31/07/06); Chrisal PIP declarations — regulatory classification.)

Worth remembering: a surface is never blank. Something always moves back in.

Link in bio.

#indoorair #homemicrobiome #airquality #healthyhome",,https://raw.githubusercontent.com/kennlend/sanitify-social-assets/main/instagram/ig/snf-2027-04-12-air-purification-21.jpg,,air-purification,Rocking chair at dusk.,,,,,
2026-10-30 16:30,"Grandmother's Coop Visit. It looks like a finished job.

What is actually going on is a process, not an event — what to watch for between cleanings.

Bacillus spores applied to a surface are not an inert coating — they germinate into active cells over the following hours and keep working. (Vandini et al. 2014, PLOS ONE 9(9):e108598 — hospital hard surfaces (stone, wood, plastic, glass, metal).)

Worth remembering: a surface is never blank. Something always moves back in.

Link in bio.

#livestockwater #animalhusbandry #biofilm #farmlife",,https://raw.githubusercontent.com/kennlend/sanitify-social-assets/main/instagram/ig/snf-2027-04-13-animal-water-care-21.jpg,,animal-water-care,Grandmother's Coop Visit.,,,,,
2026-10-30 20:00,"Wiping the nursery changing table. The usual advice here is not wrong, exactly — it is incomplete.

The part that gets left out is what residue conventional cleaners leave behind.

Continuous daily probiotic cleaning lowered surface bioburden by about 89% versus conventional cleaning. (Vandini et al. 2014, PLOS ONE 9(9):e108598 — hospital surfaces, continuous daily use over weeks.)

A better rule of thumb: ask what grows back, not just what came off.

Link in bio.

#probioticcleaning #homemicrobiome #cleaningscience #nontoxichome",,https://raw.githubusercontent.com/kennlend/sanitify-social-assets/main/instagram/ig/snf-2027-04-14-cleaning-21.jpg,,cleaning,Wiping the nursery changing table.,,,,,
2026-10-31 09:00,"Vacuuming the pool floor. The usual advice here is not wrong, exactly — it is incomplete.

The part that gets left out is the difference between treating water and treating surfaces.

Alcohol and bleach lost their virus-reducing effect within one to two hours, while probiotic-treated surfaces were still working at 24 hours — the longest point tested. (D'Accolti et al. 2021, Viruses 13:2227 — lab, stainless steel.)

A better rule of thumb: ask what grows back, not just what came off.

Link in bio.

#poolcare #hottub #biofilm #poolmaintenance",,https://raw.githubusercontent.com/kennlend/sanitify-social-assets/main/instagram/ig/snf-2027-04-15-pool-hot-tub-22.jpg,,pool-hot-tub,Vacuuming the pool floor.,,,,,
2026-10-31 13:00,"Inspecting the rusted pipe. The usual advice here is not wrong, exactly — it is incomplete.

The part that gets left out is why dosing the water misses the surface.

This is a cleaning agent, not a biocide — certified non-biocidal, which is precisely why it can keep living on a surface instead of burning off. (Avecom/UGent non-biocidal certificate (31/07/06); Chrisal PIP declarations — regulatory classification.)

A better rule of thumb: ask what grows back, not just what came off.

Link in bio.

#watertreatment #biofilm #irrigation #farmwater",,https://raw.githubusercontent.com/kennlend/sanitify-social-assets/main/instagram/ig/snf-2027-04-16-water-purification-21.jpg,,water-purification,Inspecting the rusted pipe.,,,,,
2026-10-31 16:30,"Quiet skincare moment by the window. This is where the most common mistake happens.

The mistake is treating this as finished. It is really about why ventilation is still the most underrated intervention.

Bacillus spores applied to a surface are not an inert coating — they germinate into active cells over the following hours and keep working. (Vandini et al. 2014, PLOS ONE 9(9):e108598 — hospital hard surfaces (stone, wood, plastic, glass, metal).)

The fix is unglamorous — think about the hours after, not the minute of.

Link in bio.

#indoorair #homemicrobiome #airquality #healthyhome",,https://raw.githubusercontent.com/kennlend/sanitify-social-assets/main/instagram/ig/snf-2027-04-17-air-purification-22.jpg,,air-purification,Quiet skincare moment by the window.,,,,,
2026-10-31 20:00,"Farmhand's Buckets. This is where the most common mistake happens.

The mistake is treating this as finished. It is really about why troughs regrow slime days after scrubbing.

Bacillus spores applied to a surface are not an inert coating — they germinate into active cells over the following hours and keep working. (Vandini et al. 2014, PLOS ONE 9(9):e108598 — hospital hard surfaces (stone, wood, plastic, glass, metal).)

The fix is unglamorous — think about the hours after, not the minute of.

Link in bio.

#livestockwater #animalhusbandry #biofilm #farmlife",,https://raw.githubusercontent.com/kennlend/sanitify-social-assets/main/instagram/ig/snf-2027-04-18-animal-water-care-22.jpg,,animal-water-care,Farmhand's Buckets.,,,,,
2026-11-01 09:00,"Wiping the stovetop after dinner. This is where the most common mistake happens.

The mistake is treating this as finished. It is really about why surfaces are never blank — something always recolonises them.

Alcohol and bleach lost their virus-reducing effect within one to two hours, while probiotic-treated surfaces were still working at 24 hours — the longest point tested. (D'Accolti et al. 2021, Viruses 13:2227 — lab, stainless steel.)

The fix is unglamorous — think about the hours after, not the minute of.

Link in bio.

#probioticcleaning #homemicrobiome #cleaningscience #nontoxichome",,https://raw.githubusercontent.com/kennlend/sanitify-social-assets/main/instagram/ig/snf-2027-04-19-cleaning-22.jpg,,cleaning,Wiping the stovetop after dinner.,,,,,
2026-11-01 13:00,"Kids playing catch in the shallow end. One thing worth knowing about it:

It comes down to biofilm on surfaces as the reason chlorine demand keeps climbing.

A probiotic-based sanitation system was associated with a 52% relative reduction in healthcare-associated infections. (Caselli et al. 2018, PLOS ONE 13(7):e0199616 — multi-hospital study.)

One idea, that is all. More context on the site.

Link in bio.

#poolcare #hottub #biofilm #poolmaintenance",,https://raw.githubusercontent.com/kennlend/sanitify-social-assets/main/instagram/ig/snf-2027-04-20-pool-hot-tub-23.jpg,,pool-hot-tub,Kids playing catch in the shallow end.,,,,,
2026-11-01 16:30,"Washing vegetables at the well. One thing worth knowing about it:

It comes down to measuring what you cannot see.

The Bacillus species used hold EFSA Qualified Presumption of Safety status, and a study on trigger-spray application found minimal inhalation risk in normal use. (EFSA QPS; La Maestra et al. 2021, Toxicology Letters (PMID 34626814) — regulatory status + inhalation exposure study.)

One idea, that is all. More context on the site.

Link in bio.

#watertreatment #biofilm #irrigation #farmwater",,https://raw.githubusercontent.com/kennlend/sanitify-social-assets/main/instagram/ig/snf-2027-04-21-water-purification-22.jpg,,water-purification,Washing vegetables at the well.,,,,,
2026-11-01 20:00,"Teen and dog bowl. Two approaches would look identical right now.

The difference shows up later, and it is about the link between water line hygiene and herd consistency.

This is a cleaning agent, not a biocide — certified non-biocidal, which is precisely why it can keep living on a surface instead of burning off. (Avecom/UGent non-biocidal certificate (31/07/06); Chrisal PIP declarations — regulatory classification.)

We would rather show the honest limit of what was tested than round it up.

Link in bio.

#livestockwater #animalhusbandry #biofilm #farmlife",,https://raw.githubusercontent.com/kennlend/sanitify-social-assets/main/instagram/ig/snf-2027-04-22-animal-water-care-23.jpg,,animal-water-care,Teen and dog bowl.,,,,,
2026-11-02 09:00,"Cleaning up after repotting plants. Two approaches would look identical right now.

The difference shows up later, and it is about why the smell comes back after a deep clean.

This is a cleaning agent, not a biocide — certified non-biocidal, which is precisely why it can keep living on a surface instead of burning off. (Avecom/UGent non-biocidal certificate (31/07/06); Chrisal PIP declarations — regulatory classification.)

We would rather show the honest limit of what was tested than round it up.

Link in bio.

#probioticcleaning #homemicrobiome #cleaningscience #nontoxichome",,https://raw.githubusercontent.com/kennlend/sanitify-social-assets/main/instagram/ig/snf-2027-04-23-cleaning-23.jpg,,cleaning,Cleaning up after repotting plants.,,,,,
2026-11-02 13:00,"Toweling off poolside. Two approaches would look identical right now.

The difference shows up later, and it is about the difference between treating water and treating surfaces.

This is a cleaning agent, not a biocide — certified non-biocidal, which is precisely why it can keep living on a surface instead of burning off. (Avecom/UGent non-biocidal certificate (31/07/06); Chrisal PIP declarations — regulatory classification.)

We would rather show the honest limit of what was tested than round it up.

Link in bio.

#poolcare #hottub #biofilm #poolmaintenance",,https://raw.githubusercontent.com/kennlend/sanitify-social-assets/main/instagram/ig/snf-2027-04-24-pool-hot-tub-24.jpg,,pool-hot-tub,Toweling off poolside.,,,,,
2026-11-02 16:30,"Wiping down the home yoga corner. Here is a question worth sitting with:

The honest answer runs through why the smell comes back after a deep clean.

An over-sterilised indoor environment is increasingly discussed as a health question in its own right, not just a cleanliness win. (an emerging area of home-microbiome research, not one single study — an open scientific conversation, not a Sanitify clinical finding.)

If you have watched this happen in your own place, we would like to hear it.

Link in bio.

#probioticcleaning #homemicrobiome #cleaningscience #nontoxichome",,https://raw.githubusercontent.com/kennlend/sanitify-social-assets/main/instagram/ig/snf-2027-04-25-cleaning-24.jpg,,cleaning,Wiping down the home yoga corner.,,,,,
2026-11-02 20:00,"Wiping the mudroom bench together. Here is a question worth sitting with:

The honest answer runs through why 'more powerful' is not the same as 'cleaner for longer'.

Bacillus spores applied to a surface are not an inert coating — they germinate into active cells over the following hours and keep working. (Vandini et al. 2014, PLOS ONE 9(9):e108598 — hospital hard surfaces (stone, wood, plastic, glass, metal).)

If you have watched this happen in your own place, we would like to hear it.

Link in bio.

#probioticcleaning #homemicrobiome #cleaningscience #nontoxichome",,https://raw.githubusercontent.com/kennlend/sanitify-social-assets/main/instagram/ig/snf-2027-04-26-cleaning-25.jpg,,cleaning,Wiping the mudroom bench together.,,,,,
2026-11-03 09:00,"Wiping the laundry room counter. There is a second thing happening in this picture.

The invisible half of it is why surfaces are never blank — something always recolonises them.

This is a cleaning agent, not a biocide — certified non-biocidal, which is precisely why it can keep living on a surface instead of burning off. (Avecom/UGent non-biocidal certificate (31/07/06); Chrisal PIP declarations — regulatory classification.)

Most of what matters here happens after you have walked away.

Link in bio.

#probioticcleaning #homemicrobiome #cleaningscience #nontoxichome",,https://raw.githubusercontent.com/kennlend/sanitify-social-assets/main/instagram/ig/snf-2027-04-27-cleaning-26.jpg,,cleaning,Wiping the laundry room counter.,,,,,
2026-11-03 13:00,"Tidying the toy bin corner. There is a second thing happening in this picture.

The invisible half of it is why the smell comes back after a deep clean.

This is a cleaning agent, not a biocide — certified non-biocidal, which is precisely why it can keep living on a surface instead of burning off. (Avecom/UGent non-biocidal certificate (31/07/06); Chrisal PIP declarations — regulatory classification.)

Most of what matters here happens after you have walked away.

Link in bio.

#probioticcleaning #homemicrobiome #cleaningscience #nontoxichome",,https://raw.githubusercontent.com/kennlend/sanitify-social-assets/main/instagram/ig/snf-2027-04-28-cleaning-27.jpg,,cleaning,Tidying the toy bin corner.,,,,,
2026-11-03 16:30,"Streak free shower glass. It looks like a finished job.

What is actually going on is a process, not an event — why surfaces are never blank — something always recolonises them.

Alcohol and bleach lost their virus-reducing effect within one to two hours, while probiotic-treated surfaces were still working at 24 hours — the longest point tested. (D'Accolti et al. 2021, Viruses 13:2227 — lab, stainless steel.)

Worth remembering: a surface is never blank. Something always moves back in.

Link in bio.

#probioticcleaning #homemicrobiome #cleaningscience #nontoxichome",,https://raw.githubusercontent.com/kennlend/sanitify-social-assets/main/instagram/ig/snf-2027-04-29-cleaning-28.jpg,,cleaning,Streak free shower glass.,,,,,
2026-11-03 20:00,"Cleaning the pet food station. It looks like a finished job.

What is actually going on is a process, not an event — why 'more powerful' is not the same as 'cleaner for longer'.

Bacillus spores applied to a surface are not an inert coating — they germinate into active cells over the following hours and keep working. (Vandini et al. 2014, PLOS ONE 9(9):e108598 — hospital hard surfaces (stone, wood, plastic, glass, metal).)

Worth remembering: a surface is never blank. Something always moves back in.

Link in bio.

#probioticcleaning #homemicrobiome #cleaningscience #nontoxichome",,https://raw.githubusercontent.com/kennlend/sanitify-social-assets/main/instagram/ig/snf-2027-04-30-cleaning-29.jpg,,cleaning,Cleaning the pet food station.,,,,,
2026-11-04 09:00,"Studio hero four product combo. The usual advice here is not wrong, exactly — it is incomplete.

The part that gets left out is what residue conventional cleaners leave behind.

Continuous daily probiotic cleaning lowered surface bioburden by about 89% versus conventional cleaning. (Vandini et al. 2014, PLOS ONE 9(9):e108598 — hospital surfaces, continuous daily use over weeks.)

A better rule of thumb: ask what grows back, not just what came off.

Link in bio.

#probioticcleaning #homemicrobiome #cleaningscience #nontoxichome",,https://raw.githubusercontent.com/kennlend/sanitify-social-assets/main/instagram/ig/snf-2027-05-01-cleaning-product-range-01.jpg,,cleaning,Studio hero four product combo.,,,,,
2026-11-04 13:00,"Kitchen four product combo. The usual advice here is not wrong, exactly — it is incomplete.

The part that gets left out is why the smell comes back after a deep clean.

An over-sterilised indoor environment is increasingly discussed as a health question in its own right, not just a cleanliness win. (an emerging area of home-microbiome research, not one single study — an open scientific conversation, not a Sanitify clinical finding.)

A better rule of thumb: ask what grows back, not just what came off.

Link in bio.

#probioticcleaning #homemicrobiome #cleaningscience #nontoxichome",,https://raw.githubusercontent.com/kennlend/sanitify-social-assets/main/instagram/ig/snf-2027-05-02-cleaning-product-range-02.jpg,,cleaning,Kitchen four product combo.,,,,,
2026-11-04 16:30,"Bathroom four product combo. The usual advice here is not wrong, exactly — it is incomplete.

The part that gets left out is what residue conventional cleaners leave behind.

Continuous daily probiotic cleaning lowered surface bioburden by about 89% versus conventional cleaning. (Vandini et al. 2014, PLOS ONE 9(9):e108598 — hospital surfaces, continuous daily use over weeks.)

A better rule of thumb: ask what grows back, not just what came off.

Link in bio.

#probioticcleaning #homemicrobiome #cleaningscience #nontoxichome",,https://raw.githubusercontent.com/kennlend/sanitify-social-assets/main/instagram/ig/snf-2027-05-03-cleaning-product-range-03.jpg,,cleaning,Bathroom four product combo.,,,,,
2026-11-04 20:00,"Laundry four product combo. This is where the most common mistake happens.

The mistake is treating this as finished. It is really about the difference between removing soil and changing what grows.

Bacillus spores applied to a surface are not an inert coating — they germinate into active cells over the following hours and keep working. (Vandini et al. 2014, PLOS ONE 9(9):e108598 — hospital hard surfaces (stone, wood, plastic, glass, metal).)

The fix is unglamorous — think about the hours after, not the minute of.

Link in bio.

#probioticcleaning #homemicrobiome #cleaningscience #nontoxichome",,https://raw.githubusercontent.com/kennlend/sanitify-social-assets/main/instagram/ig/snf-2027-05-04-cleaning-product-range-04.jpg,,cleaning,Laundry four product combo.,,,,,
2026-11-05 09:00,"Cleaning caddy four product combo. This is where the most common mistake happens.

The mistake is treating this as finished. It is really about what residue conventional cleaners leave behind.

Bacillus spores applied to a surface are not an inert coating — they germinate into active cells over the following hours and keep working. (Vandini et al. 2014, PLOS ONE 9(9):e108598 — hospital hard surfaces (stone, wood, plastic, glass, metal).)

The fix is unglamorous — think about the hours after, not the minute of.

Link in bio.

#probioticcleaning #homemicrobiome #cleaningscience #nontoxichome",,https://raw.githubusercontent.com/kennlend/sanitify-social-assets/main/instagram/ig/snf-2027-05-05-cleaning-product-range-05.jpg,,cleaning,Cleaning caddy four product combo.,,,,,
2026-11-05 13:00,"Dining room four product combo. This is where the most common mistake happens.

The mistake is treating this as finished. It is really about why surfaces are never blank — something always recolonises them.

Alcohol and bleach lost their virus-reducing effect within one to two hours, while probiotic-treated surfaces were still working at 24 hours — the longest point tested. (D'Accolti et al. 2021, Viruses 13:2227 — lab, stainless steel.)

The fix is unglamorous — think about the hours after, not the minute of.

Link in bio.

#probioticcleaning #homemicrobiome #cleaningscience #nontoxichome",,https://raw.githubusercontent.com/kennlend/sanitify-social-assets/main/instagram/ig/snf-2027-05-06-cleaning-product-range-06.jpg,,cleaning,Dining room four product combo.,,,,,
2026-11-05 16:30,"Cleaning cupboard four product combo. One thing worth knowing about it:

It comes down to why 'more powerful' is not the same as 'cleaner for longer'.

The Bacillus species used hold EFSA Qualified Presumption of Safety status, and a study on trigger-spray application found minimal inhalation risk in normal use. (EFSA QPS; La Maestra et al. 2021, Toxicology Letters (PMID 34626814) — regulatory status + inhalation exposure study.)

One idea, that is all. More context on the site.

Link in bio.

#probioticcleaning #homemicrobiome #cleaningscience #nontoxichome",,https://raw.githubusercontent.com/kennlend/sanitify-social-assets/main/instagram/ig/snf-2027-05-07-cleaning-product-range-07.jpg,,cleaning,Cleaning cupboard four product combo.,,,,,
2026-11-05 20:00,"Entryway four product combo. One thing worth knowing about it:

It comes down to why 'more powerful' is not the same as 'cleaner for longer'.

The Bacillus species used hold EFSA Qualified Presumption of Safety status, and a study on trigger-spray application found minimal inhalation risk in normal use. (EFSA QPS; La Maestra et al. 2021, Toxicology Letters (PMID 34626814) — regulatory status + inhalation exposure study.)

One idea, that is all. More context on the site.

Link in bio.

#probioticcleaning #homemicrobiome #cleaningscience #nontoxichome",,https://raw.githubusercontent.com/kennlend/sanitify-social-assets/main/instagram/ig/snf-2027-05-08-cleaning-product-range-08.jpg,,cleaning,Entryway four product combo.,,,,,
2026-11-06 09:00,"Hotel cart four product combo. Two approaches would look identical right now.

The difference shows up later, and it is about why the smell comes back after a deep clean.

This is a cleaning agent, not a biocide — certified non-biocidal, which is precisely why it can keep living on a surface instead of burning off. (Avecom/UGent non-biocidal certificate (31/07/06); Chrisal PIP declarations — regulatory classification.)

We would rather show the honest limit of what was tested than round it up.

Link in bio.

#probioticcleaning #homemicrobiome #cleaningscience #nontoxichome",,https://raw.githubusercontent.com/kennlend/sanitify-social-assets/main/instagram/ig/snf-2027-05-09-cleaning-product-range-09.jpg,,cleaning,Hotel cart four product combo.,,,,,
2026-11-06 13:00,"Premium closeup four product combo. Two approaches would look identical right now.

The difference shows up later, and it is about why surfaces are never blank — something always recolonises them.

This is a cleaning agent, not a biocide — certified non-biocidal, which is precisely why it can keep living on a surface instead of burning off. (Avecom/UGent non-biocidal certificate (31/07/06); Chrisal PIP declarations — regulatory classification.)

We would rather show the honest limit of what was tested than round it up.

Link in bio.

#probioticcleaning #homemicrobiome #cleaningscience #nontoxichome",,https://raw.githubusercontent.com/kennlend/sanitify-social-assets/main/instagram/ig/snf-2027-05-10-cleaning-product-range-10.jpg,,cleaning,Premium closeup four product combo.,,,,,
